{
  "title":"Lecture 9: Discrete-Time Fourier Transforms",
  "description": "",
  "file": null,
  "learning_resource_types": ["Lecture Videos"],
  "resource_type": "Video",
  "file_type": null,
  "youtube_key":  "QstZW4N4SX8",
  "captions_file": "/courses/6-450-principles-of-digital-communications-i-fall-2006/9cc414e016b357dbbfe938ee515ade78_QstZW4N4SX8.vtt",
  "transcript_file": "/courses/6-450-principles-of-digital-communications-i-fall-2006/9a36d503294e6758cbef01ef7819c1c1_QstZW4N4SX8.pdf",
  "thumbnail_file": "https://img.youtube.com/vi/QstZW4N4SX8/default.jpg",
  "archive_url": "http://archive.org/download/MIT6.450F06_V2/ocw-6.450-f06-2003-10-08_300k.mp4"}
