{
  "title":"Lecture 15: Trellis Representations of Binary Linear Block Codes",
  "description": "",
  "file": null,
  "learning_resource_types": ["Lecture Videos"],
  "resource_type": "Video",
  "file_type": null,
  "youtube_key":  "3eqYo1LCGdw",
  "captions_file": "/courses/6-451-principles-of-digital-communication-ii-spring-2005/3ff24be80368535bb2182be5a768d8c4_3eqYo1LCGdw.vtt",
  "transcript_file": "/courses/6-451-principles-of-digital-communication-ii-spring-2005/2cafe005e0dde893f4aefa00c2438f28_3eqYo1LCGdw.pdf",
  "thumbnail_file": "https://img.youtube.com/vi/3eqYo1LCGdw/default.jpg",
  "archive_url": "https://archive.org/download/MIT6.451S05/15ocw-6.451_4-261-04apr2005-220k.mp4"}
