{
  "title":"lect22.pdf",
  "description": "This resource covers the following topics:\n- TaShma-Zuckerman-Safra extractor\n- Guruswami?s List Decodable codes\n- Capalbo-Reingold-Vadhan-Wigderson Zig-zag product for expanders with good vertex expansion and\n- Locally Testable and Decodable Codes",
  "file": "/courses/6-895-essential-coding-theory-fall-2004/904589cd7a6f2aa69d4c56df48d12d18_lect22.pdf",
  "learning_resource_types": ["Lecture Notes"],
  "resource_type": "Document",
  "file_type": "application/pdf"}
