{
  "title":"Lecture 13: Introduction to Convolutional Codes",
  "description": "",
  "file": null,
  "learning_resource_types": ["Lecture Videos"],
  "resource_type": "Video",
  "file_type": null,
  "youtube_key":  "2ludHpG_Q60",
  "captions_file": "/courses/6-451-principles-of-digital-communication-ii-spring-2005/5e3c4769a0835141843bbf94cf737a55_2ludHpG_Q60.vtt",
  "transcript_file": "/courses/6-451-principles-of-digital-communication-ii-spring-2005/454037ebf1c7b6e7166b926fc576d9e5_2ludHpG_Q60.pdf",
  "thumbnail_file": "https://img.youtube.com/vi/2ludHpG_Q60/default.jpg",
  "archive_url": "https://archive.org/download/MIT6.451S05/13ocw-6.451_4-261-28mar2005-220k.mp4"}
