{
  "title":"Lecture 18: Codes on Graphs",
  "description": "",
  "file": null,
  "learning_resource_types": ["Lecture Videos"],
  "resource_type": "Video",
  "file_type": null,
  "youtube_key":  "GQVlVhGKfHc",
  "captions_file": "/courses/6-451-principles-of-digital-communication-ii-spring-2005/7db3feefc9a1576aa90414ba5448eb5b_GQVlVhGKfHc.vtt",
  "transcript_file": "/courses/6-451-principles-of-digital-communication-ii-spring-2005/1142dd5581763d91d595d214194f95aa_GQVlVhGKfHc.pdf",
  "thumbnail_file": "https://img.youtube.com/vi/GQVlVhGKfHc/default.jpg",
  "archive_url": "https://archive.org/download/MIT6.451S05/18ocw-6.451_4-261-13apr2005-220k.mp4"}
