{
  "title":"Lecture 16: Review; Introduction to Detection",
  "description": "",
  "file": null,
  "learning_resource_types": ["Lecture Videos"],
  "resource_type": "Video",
  "file_type": null,
  "youtube_key":  "4TvgSw4SKdk",
  "captions_file": "/courses/6-450-principles-of-digital-communications-i-fall-2006/8c0b8dbbab2b5a709abc5569eeca3145_4TvgSw4SKdk.vtt",
  "transcript_file": "/courses/6-450-principles-of-digital-communications-i-fall-2006/472ac3959cd52a04103abba2e33bf1be_4TvgSw4SKdk.pdf",
  "thumbnail_file": "https://img.youtube.com/vi/4TvgSw4SKdk/default.jpg",
  "archive_url": "http://www.archive.org/download/MIT6.450F06_V2/ocw-6.450-f06-2003-11-05_300k.mp4"}
