{
  "title":"Lecture 12: Reed-Solomon Codes",
  "description": "",
  "file": null,
  "learning_resource_types": ["Lecture Videos"],
  "resource_type": "Video",
  "file_type": null,
  "youtube_key":  "OJafRrE21WE",
  "captions_file": "/courses/6-451-principles-of-digital-communication-ii-spring-2005/1cf75cf557835e32a4179dda4df95f85_OJafRrE21WE.vtt",
  "transcript_file": "/courses/6-451-principles-of-digital-communication-ii-spring-2005/f196f2fd02f6a3056c95238470e40473_OJafRrE21WE.pdf",
  "thumbnail_file": "https://img.youtube.com/vi/OJafRrE21WE/default.jpg",
  "archive_url": "https://archive.org/download/MIT6.451S05/12ocw-6.451_4-261-14mar2005-220k.mp4"}
