{
  "title":"Lecture 8: Introduction to Finite Fields",
  "description": "",
  "file": null,
  "learning_resource_types": ["Lecture Videos"],
  "resource_type": "Video",
  "file_type": null,
  "youtube_key":  "SV08nmxzdAU",
  "captions_file": "/courses/6-451-principles-of-digital-communication-ii-spring-2005/9a09a6eefc41531685bc32967ccb6391_SV08nmxzdAU.vtt",
  "transcript_file": "/courses/6-451-principles-of-digital-communication-ii-spring-2005/b2c6ce6d50aec06dead9b7d1862f4eef_SV08nmxzdAU.pdf",
  "thumbnail_file": "https://img.youtube.com/vi/SV08nmxzdAU/default.jpg",
  "archive_url": "https://archive.org/download/MIT6.451S05/8ocw-6.451_4-261-28feb2005-220k.mp4"}
