{
  "title":"Lecture 24: Case Study on Code Division Multiple Access",
  "description": "",
  "file": null,
  "learning_resource_types": ["Lecture Videos"],
  "resource_type": "Video",
  "file_type": null,
  "youtube_key":  "cfL8blVkE1E",
  "captions_file": "/courses/6-450-principles-of-digital-communications-i-fall-2006/410e95c8caf75af586fd36d45e859234_cfL8blVkE1E.vtt",
  "transcript_file": "/courses/6-450-principles-of-digital-communications-i-fall-2006/2b65eb863b322f3e1077210922162509_cfL8blVkE1E.pdf",
  "thumbnail_file": "https://img.youtube.com/vi/cfL8blVkE1E/default.jpg",
  "archive_url": "http://www.archive.org/download/MIT6.450F06_V2/ocw-6.450-f06-2003-12-10_300k.mp4"}
