{
  "title":"Lecture 19: Baseband Detection",
  "description": "",
  "file": null,
  "learning_resource_types": ["Lecture Videos"],
  "resource_type": "Video",
  "file_type": null,
  "youtube_key":  "DnQruAbpusc",
  "captions_file": "/courses/6-450-principles-of-digital-communications-i-fall-2006/f4adede8ffd55d89afdaa209fc28beb9_DnQruAbpusc.vtt",
  "transcript_file": "/courses/6-450-principles-of-digital-communications-i-fall-2006/a290948d6524ba59832c440efc0e51da_DnQruAbpusc.pdf",
  "thumbnail_file": "https://img.youtube.com/vi/DnQruAbpusc/default.jpg",
  "archive_url": "http://www.archive.org/download/MIT6.450F06_V2/ocw-6.450-f06-2003-11-24_300k.mp4"}
