{
  "title":"chap7.pdf",
  "description": "This resource contains notes on integers, groups, fields, polynomials, a construction of a field with pm elements, the multiplicative group of Fq is cyclic, every finite field is isomorphic to a field Fg(x), and finite fields Fpm exist for all prime p and m = 1.",
  "file": "/courses/6-451-principles-of-digital-communication-ii-spring-2005/8921c013c1d7802bb197572c52442b97_chap7.pdf",
  "learning_resource_types": ["Lecture Videos"],
  "resource_type": "Document",
  "file_type": "application/pdf"}
