{
  "title":"Lecture 7: High Rate Quantizers and Waveform Encoding",
  "description": "",
  "file": null,
  "learning_resource_types": ["Lecture Videos"],
  "resource_type": "Video",
  "file_type": null,
  "youtube_key":  "wzUaJmN9Mf0",
  "captions_file": "/courses/6-450-principles-of-digital-communications-i-fall-2006/197ff02420ca5ddb88d6b6c20318718c_wzUaJmN9Mf0.vtt",
  "transcript_file": "/courses/6-450-principles-of-digital-communications-i-fall-2006/18effe9c84c4685a0189423922792ee1_wzUaJmN9Mf0.pdf",
  "thumbnail_file": "https://img.youtube.com/vi/wzUaJmN9Mf0/default.jpg",
  "archive_url": "http://www.archive.org/download/MIT6.450F06_V2/ocw-6.450-f06-2003-09-29_300k.mp4"}
