{
  "title":"Lecture 20: Introduction of Wireless Communication",
  "description": "",
  "file": null,
  "learning_resource_types": ["Lecture Videos"],
  "resource_type": "Video",
  "file_type": null,
  "youtube_key":  "kJR59TZz1CI",
  "captions_file": "/courses/6-450-principles-of-digital-communications-i-fall-2006/313f33eef6a6504e887367d5df0583e6_kJR59TZz1CI.vtt",
  "transcript_file": "/courses/6-450-principles-of-digital-communications-i-fall-2006/8769b8a2abbdf00ec6c8835c55d13535_kJR59TZz1CI.pdf",
  "thumbnail_file": "https://img.youtube.com/vi/kJR59TZz1CI/default.jpg",
  "archive_url": "http://www.archive.org/download/MIT6.450F06_V2/ocw-6.450-f06-2003-11-26_300k.mp4"}
