{
  "title":"ps6solns.pdf",
  "description": "This file contains solutions for problems on rational realizations, rational which is eventually periodic, input/output properties, SPC codes have a 2-state trellis diagram, Hamming code, and Viterbi algorithm decoding of SPC codes.",
  "file": "/courses/6-451-principles-of-digital-communication-ii-spring-2005/e85f4721a4f005e56df850e47892a7cf_ps6solns.pdf",
  "learning_resource_types": ["Assignments"],
  "resource_type": "Document",
  "file_type": "application/pdf"}
