<?xml version="1.0" encoding="utf-8" standalone="yes"?>
<rss version="2.0" xmlns:atom="http://www.w3.org/2005/Atom">
  <channel>
    <title>Exams on MIT OpenCourseWare</title>
    <link>/resources/exams/</link>
    <description>Recent content in Exams on MIT OpenCourseWare</description>
    <generator>Hugo -- gohugo.io</generator>
    <language>en-us</language><atom:link href="/resources/exams/index.xml" rel="self" type="application/rss+xml" />
    <item>
      <title>Exams</title>
      <link>/pages/exams/data.json</link>
      <pubDate>Mon, 01 Jan 0001 00:00:00 +0000</pubDate>
      
      <guid>/pages/exams/data.json</guid>
      <description> YEARS EXAMS SOLUTIONS Fall 2006 Quiz 1 (PDF) (PDF) Fall 2006 Quiz 2 (PDF) (PDF) Practice quizzes Fall 2004 Quiz 1 (PDF) (PDF) Fall 2003 Quiz 1 (PDF) (PDF) Fall 2001 Quiz 1 (PDF) (PDF) </description>
    </item>
    
    <item>
      <title>quiz1_01_soln.pdf</title>
      <link>/resources/quiz1_01_soln/data.json</link>
      <pubDate>Mon, 01 Jan 0001 00:00:00 +0000</pubDate>
      
      <guid>/resources/quiz1_01_soln/data.json</guid>
      <description>Solutions to Quiz 1.</description>
    </item>
    
    <item>
      <title>quiz1_01.pdf</title>
      <link>/resources/quiz1_01/data.json</link>
      <pubDate>Mon, 01 Jan 0001 00:00:00 +0000</pubDate>
      
      <guid>/resources/quiz1_01/data.json</guid>
      <description>Practice Quiz 1 from Fall 2001.</description>
    </item>
    
    <item>
      <title>quiz1_03_soln.pdf</title>
      <link>/resources/quiz1_03_soln/data.json</link>
      <pubDate>Mon, 01 Jan 0001 00:00:00 +0000</pubDate>
      
      <guid>/resources/quiz1_03_soln/data.json</guid>
      <description>Solutions to Quiz 1.</description>
    </item>
    
    <item>
      <title>quiz1_03.pdf</title>
      <link>/resources/quiz1_03/data.json</link>
      <pubDate>Mon, 01 Jan 0001 00:00:00 +0000</pubDate>
      
      <guid>/resources/quiz1_03/data.json</guid>
      <description>Practice Quiz 1 from Fall 2003.</description>
    </item>
    
    <item>
      <title>quiz1_04_soln.pdf</title>
      <link>/resources/quiz1_04_soln/data.json</link>
      <pubDate>Mon, 01 Jan 0001 00:00:00 +0000</pubDate>
      
      <guid>/resources/quiz1_04_soln/data.json</guid>
      <description>Solutions to Quiz 1.</description>
    </item>
    
    <item>
      <title>quiz1_04.pdf</title>
      <link>/resources/quiz1_04/data.json</link>
      <pubDate>Mon, 01 Jan 0001 00:00:00 +0000</pubDate>
      
      <guid>/resources/quiz1_04/data.json</guid>
      <description>Practice Quiz 1 from Fall 2004.</description>
    </item>
    
    <item>
      <title>quiz1_06_soln.pdf</title>
      <link>/resources/quiz1_06_soln/data.json</link>
      <pubDate>Mon, 01 Jan 0001 00:00:00 +0000</pubDate>
      
      <guid>/resources/quiz1_06_soln/data.json</guid>
      <description>Solutions to Quiz 1.</description>
    </item>
    
    <item>
      <title>quiz1_06.pdf</title>
      <link>/resources/quiz1_06/data.json</link>
      <pubDate>Mon, 01 Jan 0001 00:00:00 +0000</pubDate>
      
      <guid>/resources/quiz1_06/data.json</guid>
      <description>Quiz 1 from Fall 2006.</description>
    </item>
    
    <item>
      <title>quiz2_06_soln.pdf</title>
      <link>/resources/quiz2_06_soln/data.json</link>
      <pubDate>Mon, 01 Jan 0001 00:00:00 +0000</pubDate>
      
      <guid>/resources/quiz2_06_soln/data.json</guid>
      <description>Solutions to Quiz 2.</description>
    </item>
    
    <item>
      <title>quiz2_06.pdf</title>
      <link>/resources/quiz2_06/data.json</link>
      <pubDate>Mon, 01 Jan 0001 00:00:00 +0000</pubDate>
      
      <guid>/resources/quiz2_06/data.json</guid>
      <description>Quiz 2 from Fall 2006.</description>
    </item>
    
  </channel>
</rss>
