{
  "title":"Lecture 1: Introduction Sampling Theorem",
  "description": "",
  "file": null,
  "learning_resource_types": ["Lecture Videos"],
  "resource_type": "Video",
  "file_type": null,
  "youtube_key":  "8HvTaOrTokc",
  "captions_file": "/courses/6-451-principles-of-digital-communication-ii-spring-2005/0ae07dafba3c5f0b81e489c2726bdcdb_8HvTaOrTokc.vtt",
  "transcript_file": "/courses/6-451-principles-of-digital-communication-ii-spring-2005/147cf944eeb88d98e97f2d8c76f7fcc9_8HvTaOrTokc.pdf",
  "thumbnail_file": "https://img.youtube.com/vi/8HvTaOrTokc/default.jpg",
  "archive_url": "https://archive.org/download/MIT6.451S05/1ocw-6.451-02feb05-220k.mp4"}
