<?xml version="1.0" encoding="utf-8" standalone="yes"?>
<rss version="2.0" xmlns:atom="http://www.w3.org/2005/Atom">
  <channel>
    <title>Lecture Videos on MIT OpenCourseWare</title>
    <link>/resources/lecture-videos/</link>
    <description>Recent content in Lecture Videos on MIT OpenCourseWare</description>
    <generator>Hugo -- gohugo.io</generator>
    <language>en-us</language><atom:link href="/resources/lecture-videos/index.xml" rel="self" type="application/rss+xml" />
    <item>
      <title>Lecture 1: Introduction</title>
      <link>/resources/lecture-1-introduction/data.json</link>
      <pubDate>Mon, 01 Jan 0001 00:00:00 +0000</pubDate>
      
      <guid>/resources/lecture-1-introduction/data.json</guid>
      <description>Topics covered: Introduction: A layered view of digital communication
Instructors: Prof. Robert Gallager, Prof. Lizhong Zheng</description>
    </item>
    
    <item>
      <title>Lecture 10: Degrees of Freedom</title>
      <link>/resources/lecture-10-degrees-of-freedom/data.json</link>
      <pubDate>Mon, 01 Jan 0001 00:00:00 +0000</pubDate>
      
      <guid>/resources/lecture-10-degrees-of-freedom/data.json</guid>
      <description>Topics covered: Degrees of freedom, orthonormal expansions, and aliasing
Instructors: Prof. Robert Gallager, Prof. Lizhong Zheng</description>
    </item>
    
    <item>
      <title>Lecture 11: Signal Space</title>
      <link>/resources/lecture-11-signal-space/data.json</link>
      <pubDate>Mon, 01 Jan 0001 00:00:00 +0000</pubDate>
      
      <guid>/resources/lecture-11-signal-space/data.json</guid>
      <description>Topics covered: Signal space, projection theorem, and modulation
Instructors: Prof. Robert Gallager, Prof. Lizhong Zheng</description>
    </item>
    
    <item>
      <title>Lecture 12: Nyquist Theory</title>
      <link>/resources/lecture-12-nyquist-theory/data.json</link>
      <pubDate>Mon, 01 Jan 0001 00:00:00 +0000</pubDate>
      
      <guid>/resources/lecture-12-nyquist-theory/data.json</guid>
      <description></description>
    </item>
    
    <item>
      <title>Lecture 13: Random Processes</title>
      <link>/resources/lecture-13-random-processes/data.json</link>
      <pubDate>Mon, 01 Jan 0001 00:00:00 +0000</pubDate>
      
      <guid>/resources/lecture-13-random-processes/data.json</guid>
      <description>Topics covered: Random processes
Instructors: Prof. Robert Gallager, Prof. Lizhong Zheng</description>
    </item>
    
    <item>
      <title>Lecture 14: Jointly Gaussian Random Vectors</title>
      <link>/resources/lecture-14-jointly-gaussian-random-vectors/data.json</link>
      <pubDate>Mon, 01 Jan 0001 00:00:00 +0000</pubDate>
      
      <guid>/resources/lecture-14-jointly-gaussian-random-vectors/data.json</guid>
      <description>Topics covered: Jointly Gaussian random vectors and processes and white Gaussian noise (WGN)
Instructors: Prof. Robert Gallager, Prof. Lizhong Zheng</description>
    </item>
    
    <item>
      <title>Lecture 15: Linear Functionals</title>
      <link>/resources/lecture-15-linear-functionals/data.json</link>
      <pubDate>Mon, 01 Jan 0001 00:00:00 +0000</pubDate>
      
      <guid>/resources/lecture-15-linear-functionals/data.json</guid>
      <description>Topics covered: Linear functionals and filtering of random processes
Instructors: Prof. Robert Gallager, Prof. Lizhong Zheng</description>
    </item>
    
    <item>
      <title>Lecture 16: Review; Introduction to Detection</title>
      <link>/resources/lecture-16-review-introduction-to-detection/data.json</link>
      <pubDate>Mon, 01 Jan 0001 00:00:00 +0000</pubDate>
      
      <guid>/resources/lecture-16-review-introduction-to-detection/data.json</guid>
      <description>Topics covered: Review; introduction to detection
Instructors: Prof. Robert Gallager, Prof. Lizhong Zheng</description>
    </item>
    
    <item>
      <title>Lecture 17: Detection for Random Vectors and Processes</title>
      <link>/resources/lecture-17-detection-for-random-vectors-and-processes/data.json</link>
      <pubDate>Mon, 01 Jan 0001 00:00:00 +0000</pubDate>
      
      <guid>/resources/lecture-17-detection-for-random-vectors-and-processes/data.json</guid>
      <description>Topics covered: Detection for random vectors and processes
Instructors: Prof. Robert Gallager, Prof. Lizhong Zheng</description>
    </item>
    
    <item>
      <title>Lecture 18: Theory of Irrelevance</title>
      <link>/resources/lecture-18-theory-of-irrelevance/data.json</link>
      <pubDate>Mon, 01 Jan 0001 00:00:00 +0000</pubDate>
      
      <guid>/resources/lecture-18-theory-of-irrelevance/data.json</guid>
      <description>Topics covered: Theorem of irrelevance, M-ary detection, and coding
Instructors: Prof. Robert Gallager, Prof. Lizhong Zheng</description>
    </item>
    
    <item>
      <title>Lecture 19: Baseband Detection</title>
      <link>/resources/lecture-19-baseband-detection/data.json</link>
      <pubDate>Mon, 01 Jan 0001 00:00:00 +0000</pubDate>
      
      <guid>/resources/lecture-19-baseband-detection/data.json</guid>
      <description>Topics covered: Baseband detection and complex Gaussian processes
Instructors: Prof. Robert Gallager, Prof. Lizhong Zheng</description>
    </item>
    
    <item>
      <title>Lecture 2: Discrete Source Encoding</title>
      <link>/resources/lecture-2-discrete-source-encoding/data.json</link>
      <pubDate>Mon, 01 Jan 0001 00:00:00 +0000</pubDate>
      
      <guid>/resources/lecture-2-discrete-source-encoding/data.json</guid>
      <description>Topics covered: Discrete source encoding
Instructors: Prof. Robert Gallager, Prof. Lizhong Zheng</description>
    </item>
    
    <item>
      <title>Lecture 20: Introduction of Wireless Communication</title>
      <link>/resources/lecture-20-introduction-of-wireless-communication/data.json</link>
      <pubDate>Mon, 01 Jan 0001 00:00:00 +0000</pubDate>
      
      <guid>/resources/lecture-20-introduction-of-wireless-communication/data.json</guid>
      <description>Topics covered: Introduction of wireless communication
Instructors: Prof. Robert Gallager, Prof. Lizhong Zheng</description>
    </item>
    
    <item>
      <title>Lecture 21: Doppler Spread</title>
      <link>/resources/lecture-21-doppler-spread/data.json</link>
      <pubDate>Mon, 01 Jan 0001 00:00:00 +0000</pubDate>
      
      <guid>/resources/lecture-21-doppler-spread/data.json</guid>
      <description>Topics covered: Doppler spread, time spread, coherence time, and coherence frequency
Instructors: Prof. Robert Gallager, Prof. Lizhong Zheng</description>
    </item>
    
    <item>
      <title>Lecture 22: Discrete-Time Baseband Models for Wireless Channels</title>
      <link>/resources/lecture-22-discrete-time-baseband-models-for-wireless-channels/data.json</link>
      <pubDate>Mon, 01 Jan 0001 00:00:00 +0000</pubDate>
      
      <guid>/resources/lecture-22-discrete-time-baseband-models-for-wireless-channels/data.json</guid>
      <description>Topics covered: Discrete-time baseband models for wireless channels
Instructors: Prof. Robert Gallager, Prof. Lizhong Zheng</description>
    </item>
    
    <item>
      <title>Lecture 23: Detection for Flat Rayleigh Fading and Incoherent Channels</title>
      <link>/resources/lecture-23-detection-for-flat-rayleigh-fading-and-incoherent-channels/data.json</link>
      <pubDate>Mon, 01 Jan 0001 00:00:00 +0000</pubDate>
      
      <guid>/resources/lecture-23-detection-for-flat-rayleigh-fading-and-incoherent-channels/data.json</guid>
      <description>Topics covered: Detection for flat rayleigh fading and incoherent channels, and rake receivers
Instructors: Prof. Robert Gallager, Prof. Lizhong Zheng</description>
    </item>
    
    <item>
      <title>Lecture 24: Case Study on Code Division Multiple Access</title>
      <link>/resources/lecture-24-case-study-on-code-division-multiple-access/data.json</link>
      <pubDate>Mon, 01 Jan 0001 00:00:00 +0000</pubDate>
      
      <guid>/resources/lecture-24-case-study-on-code-division-multiple-access/data.json</guid>
      <description>Topics covered: Case study — code division multiple access (CDMA)
Instructors: Prof. Robert Gallager, Prof. Lizhong Zheng</description>
    </item>
    
    <item>
      <title>Lecture 3: Memory-less Sources</title>
      <link>/resources/lecture-3-memory-less-sources/data.json</link>
      <pubDate>Mon, 01 Jan 0001 00:00:00 +0000</pubDate>
      
      <guid>/resources/lecture-3-memory-less-sources/data.json</guid>
      <description>Topics covered: Memory-less sources, prefix free codes, and entropy
Instructors: Prof. Robert Gallager, Prof. Lizhong Zheng</description>
    </item>
    
    <item>
      <title>Lecture 4: Entropy and Asymptotic Equipartition Property</title>
      <link>/resources/lecture-4-entropy-and-asymptotic-equipartition-property/data.json</link>
      <pubDate>Mon, 01 Jan 0001 00:00:00 +0000</pubDate>
      
      <guid>/resources/lecture-4-entropy-and-asymptotic-equipartition-property/data.json</guid>
      <description>Topics covered: Entropy and asymptotic equipartition property
Instructors: Prof. Robert Gallager, Prof. Lizhong Zheng</description>
    </item>
    
    <item>
      <title>Lecture 5: Markov Sources</title>
      <link>/resources/lecture-5-markov-sources/data.json</link>
      <pubDate>Mon, 01 Jan 0001 00:00:00 +0000</pubDate>
      
      <guid>/resources/lecture-5-markov-sources/data.json</guid>
      <description>Topics covered: Markov sources and Lempel-Ziv universal codes
Instructors: Prof. Robert Gallager, Prof. Lizhong Zheng</description>
    </item>
    
    <item>
      <title>Lecture 6: Quantization</title>
      <link>/resources/lecture-6-quantization/data.json</link>
      <pubDate>Mon, 01 Jan 0001 00:00:00 +0000</pubDate>
      
      <guid>/resources/lecture-6-quantization/data.json</guid>
      <description>Topics covered: Quantization
Instructors: Prof. Robert Gallager, Prof. Lizhong Zheng</description>
    </item>
    
    <item>
      <title>Lecture 7: High Rate Quantizers and Waveform Encoding</title>
      <link>/resources/lecture-7-high-rate-quantizers-and-waveform-encoding/data.json</link>
      <pubDate>Mon, 01 Jan 0001 00:00:00 +0000</pubDate>
      
      <guid>/resources/lecture-7-high-rate-quantizers-and-waveform-encoding/data.json</guid>
      <description>Topics covered: High rate quantizers and waveform encoding
Instructors: Prof. Robert Gallager, Prof. Lizhong Zheng</description>
    </item>
    
    <item>
      <title>Lecture 8: Measure</title>
      <link>/resources/lecture-8-measure/data.json</link>
      <pubDate>Mon, 01 Jan 0001 00:00:00 +0000</pubDate>
      
      <guid>/resources/lecture-8-measure/data.json</guid>
      <description>Topics covered: Measure, fourier series, and fourier transforms
Instructors: Prof. Robert Gallager, Prof. Lizhong Zheng</description>
    </item>
    
    <item>
      <title>Lecture 9: Discrete-Time Fourier Transforms</title>
      <link>/resources/lecture-9-discrete-time-fourier-transforms/data.json</link>
      <pubDate>Mon, 01 Jan 0001 00:00:00 +0000</pubDate>
      
      <guid>/resources/lecture-9-discrete-time-fourier-transforms/data.json</guid>
      <description>Topics covered: Discrete-time fourier transforms and sampling theorem
Instructors: Prof. Robert Gallager, Prof. Lizhong Zheng</description>
    </item>
    
    <item>
      <title>Video Lectures</title>
      <link>/video_galleries/video-lectures/data.json</link>
      <pubDate>Mon, 01 Jan 0001 00:00:00 +0000</pubDate>
      
      <guid>/video_galleries/video-lectures/data.json</guid>
      <description>These video lectures are from the Fall 2003 offering of this course.
Lecture 1: Introduction Lecture 2: Discrete Source Encoding Lecture 3: Memory-less Sources Lecture 4: Entropy and Asymptotic Equipartition Property Lecture 5: Markov Sources Lecture 6: Quantization Lecture 7: High Rate Quantizers and Waveform Encoding Lecture 8: Measure Lecture 9: Discrete-Time Fourier Transforms Lecture 10: Degrees of Freedom Lecture 11: Signal Space Lecture 12: Nyquist Theory Lecture 13: Random Processes Lecture 14: Jointly Gaussian Random Vectors Lecture 15: Linear Functionals Lecture 16: Review; Introduction to Detection Lecture 17: Detection for Random Vectors and Processes Lecture 18: Theory of Irrelevance Lecture 19: Baseband Detection Lecture 20: Introduction of Wireless Communication Lecture 21: Doppler Spread Lecture 22: Discrete-Time Baseband Models for Wireless Channels Lecture 23: Detection for Flat Rayleigh Fading and Incoherent Channels Lecture 24: Case Study on Code Division Multiple Access </description>
    </item>
    
  </channel>
</rss>
