{
  "title":"Lecture 17: Detection for Random Vectors and Processes",
  "description": "",
  "file": null,
  "learning_resource_types": ["Lecture Videos"],
  "resource_type": "Video",
  "file_type": null,
  "youtube_key":  "_oKLtT7F9hg",
  "captions_file": "/courses/6-450-principles-of-digital-communications-i-fall-2006/5649938da62d5dbfb3fdd43234c8131c_oKLtT7F9hg.vtt",
  "transcript_file": "/courses/6-450-principles-of-digital-communications-i-fall-2006/53efd99dc2b6fefbc1e1fefb9ff846e9_oKLtT7F9hg.pdf",
  "thumbnail_file": "https://img.youtube.com/vi/_oKLtT7F9hg/default.jpg",
  "archive_url": "http://www.archive.org/download/MIT6.450F06_V2/ocw-6.450-f06-2003-11-17_300k.mp4"}
