{
  "title":"Lecture 4: Entropy and Asymptotic Equipartition Property",
  "description": "",
  "file": null,
  "learning_resource_types": ["Lecture Videos"],
  "resource_type": "Video",
  "file_type": null,
  "youtube_key":  "dSviy9E6Pz0",
  "captions_file": "/courses/6-450-principles-of-digital-communications-i-fall-2006/f938442be8e150a1a131c4eee1c3547c_dSviy9E6Pz0.vtt",
  "transcript_file": "/courses/6-450-principles-of-digital-communications-i-fall-2006/46e90c5c9af7b1c504524d91cdd86ea7_dSviy9E6Pz0.pdf",
  "thumbnail_file": "https://img.youtube.com/vi/dSviy9E6Pz0/default.jpg",
  "archive_url": "http://www.archive.org/download/MIT6.450F06_V2/ocw-6.450-f06-2003-09-15_300k.mp4"}
