{
  "title":"Lecture 2: Discrete Source Encoding",
  "description": "",
  "file": null,
  "learning_resource_types": ["Lecture Videos"],
  "resource_type": "Video",
  "file_type": null,
  "youtube_key":  "503wzjz8czs",
  "captions_file": "/courses/6-450-principles-of-digital-communications-i-fall-2006/39ec6a0c1de25ccab23f413a77a4cb24_503wzjz8czs.vtt",
  "transcript_file": "/courses/6-450-principles-of-digital-communications-i-fall-2006/9dc6d0a61db38eec89d12b38ebe50a36_503wzjz8czs.pdf",
  "thumbnail_file": "https://img.youtube.com/vi/503wzjz8czs/default.jpg",
  "archive_url": "http://www.archive.org/download/MIT6.450F06_V2/ocw-6.450-f06-2003-09-08_300k.mp4"}
