{
  "title":"Lecture 3: Hard-decision and Soft-decision Decoding",
  "description": "",
  "file": null,
  "learning_resource_types": ["Lecture Videos"],
  "resource_type": "Video",
  "file_type": null,
  "youtube_key":  "zWZCMrKIikw",
  "captions_file": "/courses/6-451-principles-of-digital-communication-ii-spring-2005/6586f05a379f5942a23e379c8e41a48d_zWZCMrKIikw.vtt",
  "transcript_file": "/courses/6-451-principles-of-digital-communication-ii-spring-2005/a5318ef5e5489f268ad8a08d31618bbe_zWZCMrKIikw.pdf",
  "thumbnail_file": "https://img.youtube.com/vi/zWZCMrKIikw/default.jpg",
  "archive_url": "https://archive.org/download/MIT6.451S05/3ocw-6.451_4-261-09feb2005-220k.mp4"}
