{
  "title":"midterm03.pdf",
  "description": "This resource gives the instructions on how to take the closed book exam, it also gives the breakup of marks for each problem and its parts. It cotains two problems on: feasibility study for a digital communication system and propositions with data tables useful to solve the problems.",
  "file": "/courses/6-451-principles-of-digital-communication-ii-spring-2005/13a4ba8a120cea693cbc1959a80c025b_midterm03.pdf",
  "learning_resource_types": ["Exams"],
  "resource_type": "Document",
  "file_type": "application/pdf"}
