{
  "title":"Lecture 19: The Sum-Product Algorithm ",
  "description": "",
  "file": null,
  "learning_resource_types": ["Lecture Videos"],
  "resource_type": "Video",
  "file_type": null,
  "youtube_key":  "dy44BdqxRAo",
  "captions_file": "/courses/6-451-principles-of-digital-communication-ii-spring-2005/f197ca86d10053f2aa91a53f0085b4b3_dy44BdqxRAo.vtt",
  "transcript_file": "/courses/6-451-principles-of-digital-communication-ii-spring-2005/e7d4844c93a7d1f826d32f23cc5b4da6_dy44BdqxRAo.pdf",
  "thumbnail_file": "https://img.youtube.com/vi/dy44BdqxRAo/default.jpg",
  "archive_url": "https://archive.org/download/MIT6.451S05/19ocw-6.451_4-261-20apr2005-220k.mp4"}
