{
  "title":"Lecture 20: Turbo, LDPC, and RA Codes ",
  "description": "",
  "file": null,
  "learning_resource_types": ["Lecture Videos"],
  "resource_type": "Video",
  "file_type": null,
  "youtube_key":  "SqfNSRi7_bc",
  "captions_file": "/courses/6-451-principles-of-digital-communication-ii-spring-2005/d7956bfb290f57f7a0ed5acd5450e32e_520074.vtt",
  "transcript_file": "/courses/6-451-principles-of-digital-communication-ii-spring-2005/8134f1377b33d7b320a2ce03c0b542aa_520074.pdf",
  "thumbnail_file": "https://img.youtube.com/vi/SqfNSRi7_bc/default.jpg",
  "archive_url": "https://archive.org/download/MIT6.451S05/20ocw-6.451_4-261-25apr2005-220k.mp4"}
