{
  "title":"Lecture 6: Introduction to Binary Block Codes",
  "description": "",
  "file": null,
  "learning_resource_types": ["Lecture Videos"],
  "resource_type": "Video",
  "file_type": null,
  "youtube_key":  "q4LsDylKZcI",
  "captions_file": "/courses/6-451-principles-of-digital-communication-ii-spring-2005/b3abd8e6fcde51f39f767682c5065ead_q4LsDylKZcI.vtt",
  "transcript_file": "/courses/6-451-principles-of-digital-communication-ii-spring-2005/c324ba154a33c4f3a7b81d9c11e57077_q4LsDylKZcI.pdf",
  "thumbnail_file": "https://img.youtube.com/vi/q4LsDylKZcI/default.jpg",
  "archive_url": "https://archive.org/download/MIT6.451S05/6ocw-6.451_4-261-22feb2005-220k.mp4"}
