{
  "title":"Lecture 7: Introduction to Finite Fields",
  "description": "",
  "file": null,
  "learning_resource_types": ["Lecture Videos"],
  "resource_type": "Video",
  "file_type": null,
  "youtube_key":  "d_Mg_JnnevU",
  "captions_file": "/courses/6-451-principles-of-digital-communication-ii-spring-2005/80fe15004ab2516693b1982acc0f334a_d_Mg_JnnevU.vtt",
  "transcript_file": "/courses/6-451-principles-of-digital-communication-ii-spring-2005/bc23976ad314dcfd79ba6c6eb5e760ed_d_Mg_JnnevU.pdf",
  "thumbnail_file": "https://img.youtube.com/vi/d_Mg_JnnevU/default.jpg",
  "archive_url": "https://archive.org/download/MIT6.451S05/7ocw-6.451_4-261-23feb2005-220k.mp4"}
