{"07485739-8da1-986d-173f-e74fd902aab0":"/resources/lect02/data.json","0a1b1660-7067-3aaa-ecd6-f086b836850d":"/pages/syllabus/data.json","11fbfbbc-74bf-2b03-1e7a-80b713d3e449":"/resources/lect10/data.json","139d3fc0-6ab2-1f32-01e4-f43500163427":"/resources/lect06/data.json","26d174dc-3cc5-30d8-1243-142ac6dc6d53":"/pages/lecture-notes/data.json","299d232e-12c7-bb97-728e-d74c88c5aa92":"/resources/lect18/data.json","2d15b1d6-2067-8d01-7841-947ec1205298":"/resources/lect05/data.json","360b7048-aa70-7e51-c06f-04a50a9781a1":"/resources/lect13/data.json","46e3bde8-93d7-81f4-104d-0c63249d9111":"/resources/lect11/data.json","4c6e7385-81cf-b4d9-1ae1-b89c39371e78":"/resources/lect08/data.json","52c97b8a-fa15-b85a-5fee-ddf2825b57ab":"/resources/lect01/data.json","5e393091-2bd2-1755-4cd5-8c0573ca7a39":"/resources/lect03/data.json","5ff7cb62-eeb9-4489-594c-76811eeca698":"/resources/ps1/data.json","70172ecd-45b1-0142-3730-2d0d5940607a":"/resources/lect15/data.json","7cbe2f5e-6985-6097-b3fc-6f5c48bcad3a":"/pages/calendar/data.json","7faac051-1c9e-f91c-96fd-e7babbc4f6d1":"/resources/ps2/data.json","827dd2fd-53d4-7e0d-5d40-fd48a879ff68":"/resources/lect12/data.json","84d8b31e-dc51-7519-20d3-cf5fe57dea0e":"/resources/lect05slx4/data.json","904589cd-7a6f-2aa6-9d4c-56df48d12d18":"/resources/lect22/data.json","a0968072-c399-e390-d1d8-8ec502d32e4c":"/resources/lect23/data.json","a203b8bf-162c-99cf-b3da-0cf81962d402":"/resources/lect21/data.json","a7fd5ec2-d78e-8e98-b7e2-af4809cc894b":"/pages/assignments/data.json","a80f4c62-934b-db3d-073a-169e12bc820f":"/resources/6-895f04/data.json","ab3d964a-23c7-5ad1-c956-f88a492771ee":"/resources/lect03slx4pdf/data.json","abc6087c-89e4-af0a-2097-3c1819c71b59":"/resources/lect16/data.json","af2c6d91-832d-655e-2048-962991ec3304":"/resources/6-895f04-th/data.json","c7fee961-504a-b588-1aba-2dc149612140":"/resources/lect01slx4/data.json","cce7cdbf-647c-ce78-b35a-ae128172671c":"/resources/lect04/data.json","d7759669-0496-7f22-cde9-15ef13054957":"/resources/lect14/data.json","db7dd194-ccda-29ca-4603-2ef26f0806c4":"/resources/lect07/data.json","de667eaf-93ea-c975-86ad-c30d3c0fedfa":"/resources/lect04slx4/data.json","ecddf6cc-5b42-a5ee-a899-c02c1763070d":"/resources/lect09/data.json","ecf11132-7f1b-9377-646b-cb802f3dcfb3":"/resources/lect19/data.json","fb6a3659-ad09-7a21-caee-42e210c10293":"/resources/lect17/data.json","fe7ea259-4153-dee5-066e-b016009a385c":"/resources/lect02slx4/data.json"}