{
  "course_title":"Essential Coding Theory",
  "course_description":"This course introduces the theory of error-correcting codes to computer scientists. This theory, dating back to the works of Shannon and Hamming from the late 40's, overflows with theorems, techniques, and notions of interest to theoretical computer scientists. The course will focus on results of asymptotic and algorithmic significance. Principal topics include:\n\n1.  Construction and existence results for error-correcting codes.\n2.  Limitations on the combinatorial performance of error-correcting codes.\n3.  Decoding algorithms.\n4.  Applications in computer science.\n",
  "site_uid":"38d90b52-42be-4809-8ac5-fb86ddd56a07",
  "legacy_uid":"5a5899c8-bd86-4353-cf56-8427b97be645","instructors": [{
    "first_name":"Madhu",
    "last_name":"Sudan",
    "middle_initial":"",
    "salutation":"Prof.",
    "title":"Prof. Madhu Sudan"}],"department_numbers":["6"],
  "learning_resource_types":["Lecture Notes"],
  "topics":[["Engineering","Computer Science","Theory of Computation"],["Engineering","Computer Science","Algorithms and Data Structures"]],
  "primary_course_number":"6.895",
  "extra_course_numbers":"",
  "term":"Fall",
  "year":"2004",
  "level":["Graduate"],
  "image_src":"./static_resources/a80f4c62934bdb3d073a169e12bc820f_6-895f04.jpg",
  "course_image_metadata":{"content_type":"resource","description":"Inside of a hard drive. (Image courtesy of Brandon Blinkenberg and stock.xchng.)","draft":false,"file":"/courses/6-895-essential-coding-theory-fall-2004/a80f4c62934bdb3d073a169e12bc820f_6-895f04.jpg","file_type":"image/jpeg","image_metadata":{"caption":"Inside of a hard drive. (Image courtesy of Brandon Blinkenberg and [stock.xchng](http://www.freeimages.com/).)","credit":"","image-alt":"A photograph of a platter and actuator arm from a computer hard drive."},"iscjklanguage":false,"learning_resource_types":[],"license":"https://creativecommons.org/licenses/by-nc-sa/4.0/","ocw_type":"OCWImage","resourcetype":"Image","title":"6-895f04.jpg","uid":"a80f4c62-934b-db3d-073a-169e12bc820f"}}

