{
  "title":"Lecture 18: Theory of Irrelevance",
  "description": "",
  "file": null,
  "learning_resource_types": ["Lecture Videos"],
  "resource_type": "Video",
  "file_type": null,
  "youtube_key":  "8PScXRfu2po",
  "captions_file": "/courses/6-450-principles-of-digital-communications-i-fall-2006/f5addb4940ff577ca660e77d0b0a1ce2_8PScXRfu2po.vtt",
  "transcript_file": "/courses/6-450-principles-of-digital-communications-i-fall-2006/283afebc968c98656232999e22fa5517_8PScXRfu2po.pdf",
  "thumbnail_file": "https://img.youtube.com/vi/8PScXRfu2po/default.jpg",
  "archive_url": "http://www.archive.org/download/MIT6.450F06_V2/ocw-6.450-f06-2003-11-19_300k.mp4"}
