{
  "title":"Lecture 14: Jointly Gaussian Random Vectors",
  "description": "",
  "file": null,
  "learning_resource_types": ["Lecture Videos"],
  "resource_type": "Video",
  "file_type": null,
  "youtube_key":  "zJ56b-aErN4",
  "captions_file": "/courses/6-450-principles-of-digital-communications-i-fall-2006/aac4b9d5c1f9561ba2d7fd7a9e35c0f4_zJ56b-aErN4.vtt",
  "transcript_file": "/courses/6-450-principles-of-digital-communications-i-fall-2006/3d9cd93692f814056f5737f9343d8939_zJ56b-aErN4.pdf",
  "thumbnail_file": "https://img.youtube.com/vi/zJ56b-aErN4/default.jpg",
  "archive_url": "http://www.archive.org/download/MIT6.450F06_V2/ocw-6.450-f06-2003-10-29_300k.mp4"}
