{
  "title":"Lecture 10: Reed-Solomon Codes",
  "description": "",
  "file": null,
  "learning_resource_types": ["Lecture Videos"],
  "resource_type": "Video",
  "file_type": null,
  "youtube_key":  "Nnj9lHePqKM",
  "captions_file": "/courses/6-451-principles-of-digital-communication-ii-spring-2005/f50c7934c9575f029f31ff5d333681fe_Nnj9lHePqKM.vtt",
  "transcript_file": "/courses/6-451-principles-of-digital-communication-ii-spring-2005/5ad518576018197e18919105b7c58cf8_Nnj9lHePqKM.pdf",
  "thumbnail_file": "https://img.youtube.com/vi/Nnj9lHePqKM/default.jpg",
  "archive_url": "https://archive.org/download/MIT6.451S05/10ocw-6.451_4-261-07mar2005-220k.mp4"}
