{
  "title":"6-895f04-th.jpg",
  "description": "New image Upload",
  "file": "/courses/6-895-essential-coding-theory-fall-2004/af2c6d91832d655e2048962991ec3304_6-895f04-th.jpg",
  "learning_resource_types": [],
  "resource_type": "Image",
  "file_type": "image/jpeg",
  "image_metadata": {"caption":"Inside of a hard drive. (Image courtesy of Brandon Blinkenberg and [stock.xchng](http://www.freeimages.com/).)","credit":"","image-alt":"A photograph of a platter and actuator arm from a computer hard drive."}}
