{
  "title":"Lecture 22: Lattice and Trellis Codes",
  "description": "",
  "file": null,
  "learning_resource_types": ["Lecture Videos"],
  "resource_type": "Video",
  "file_type": null,
  "youtube_key":  "DNoNTre2Cf4",
  "captions_file": "/courses/6-451-principles-of-digital-communication-ii-spring-2005/79c371b61f1156df80c39980d0a75e53_DNoNTre2Cf4.vtt",
  "transcript_file": "/courses/6-451-principles-of-digital-communication-ii-spring-2005/8b4406bfb8580a977c1ea12c022f18d8_DNoNTre2Cf4.pdf",
  "thumbnail_file": "https://img.youtube.com/vi/DNoNTre2Cf4/default.jpg",
  "archive_url": "https://archive.org/download/MIT6.451S05/22ocw-6.451_4-261-02may2005-220k.mp4"}
