<?xml version="1.0" encoding="utf-8" standalone="yes"?>
<rss version="2.0" xmlns:atom="http://www.w3.org/2005/Atom">
  <channel>
    <title>Assignments on MIT OpenCourseWare</title>
    <link>/resources/assignments/</link>
    <description>Recent content in Assignments on MIT OpenCourseWare</description>
    <generator>Hugo -- gohugo.io</generator>
    <language>en-us</language><atom:link href="/resources/assignments/index.xml" rel="self" type="application/rss+xml" />
    <item>
      <title>Assignments</title>
      <link>/pages/assignments/data.json</link>
      <pubDate>Mon, 01 Jan 0001 00:00:00 +0000</pubDate>
      
      <guid>/pages/assignments/data.json</guid>
      <description>The assignment problems are taken from the course lecture notes.
ASSIGNMENTS PROBLEMS 1 Problems 2.1-2.5. You can pick any two of these problems to write an answer and hand in 2 Problems 2.6, 2.7, 2.8, 2.9, 2.10, 2.13, 2.14, and 2.16 3 Problems 2.17, 2.18 (please try to have an interpretation of the result you prove in this problem), 2.20, 2.22, 2.23, 2.25, and 2.26 4 Problems 2.27, 2.28, 3.1, 3.</description>
    </item>
    
    <item>
      <title>ps4.pdf</title>
      <link>/resources/ps4/data.json</link>
      <pubDate>Mon, 01 Jan 0001 00:00:00 +0000</pubDate>
      
      <guid>/resources/ps4/data.json</guid>
      <description>Extra problem for Problem Set 4.</description>
    </item>
    
  </channel>
</rss>
