{
  "title":"Lecture 11: Signal Space",
  "description": "",
  "file": null,
  "learning_resource_types": ["Lecture Videos"],
  "resource_type": "Video",
  "file_type": null,
  "youtube_key":  "_7qq1JYj2kM",
  "captions_file": "/courses/6-450-principles-of-digital-communications-i-fall-2006/ef436c2fdc05566aae2d116f279778a7_7qq1JYj2kM.vtt",
  "transcript_file": "/courses/6-450-principles-of-digital-communications-i-fall-2006/f8c1eeecf64e4d964ef060cbae6ffe6f_7qq1JYj2kM.pdf",
  "thumbnail_file": "https://img.youtube.com/vi/_7qq1JYj2kM/default.jpg",
  "archive_url": "http://www.archive.org/download/MIT6.450F06_V2/ocw-6.450-f06-2003-10-20_300k.mp4"}
