<?xml version="1.0" encoding="utf-8" standalone="yes"?>
<rss version="2.0" xmlns:atom="http://www.w3.org/2005/Atom">
  <channel>
    <title>Lecture Notes on MIT OpenCourseWare</title>
    <link>/resources/lecture-notes/</link>
    <description>Recent content in Lecture Notes on MIT OpenCourseWare</description>
    <generator>Hugo -- gohugo.io</generator>
    <language>en-us</language><atom:link href="/resources/lecture-notes/index.xml" rel="self" type="application/rss+xml" />
    <item>
      <title>bibliography.pdf</title>
      <link>/resources/bibliography/data.json</link>
      <pubDate>Mon, 01 Jan 0001 00:00:00 +0000</pubDate>
      
      <guid>/resources/bibliography/data.json</guid>
      <description>The bibliography for the course lecture notes.</description>
    </item>
    
    <item>
      <title>book_1.pdf</title>
      <link>/resources/book_1/data.json</link>
      <pubDate>Mon, 01 Jan 0001 00:00:00 +0000</pubDate>
      
      <guid>/resources/book_1/data.json</guid>
      <description>Lecture notes on Chapter 1 of the course text: Introduction to Digital Communication.</description>
    </item>
    
    <item>
      <title>book_2.pdf</title>
      <link>/resources/book_2/data.json</link>
      <pubDate>Mon, 01 Jan 0001 00:00:00 +0000</pubDate>
      
      <guid>/resources/book_2/data.json</guid>
      <description>Lecture notes on Chapter 2 of the course text: Coding for Discrete Sources.</description>
    </item>
    
    <item>
      <title>book_3.pdf</title>
      <link>/resources/book_3/data.json</link>
      <pubDate>Mon, 01 Jan 0001 00:00:00 +0000</pubDate>
      
      <guid>/resources/book_3/data.json</guid>
      <description>Lecture notes on Chapter 3 of the course text: Quantization.</description>
    </item>
    
    <item>
      <title>book_4.pdf</title>
      <link>/resources/book_4/data.json</link>
      <pubDate>Mon, 01 Jan 0001 00:00:00 +0000</pubDate>
      
      <guid>/resources/book_4/data.json</guid>
      <description>Lecture notes on Chapter 4 of the course text: Source and channel waveforms.</description>
    </item>
    
    <item>
      <title>book_5.pdf</title>
      <link>/resources/book_5/data.json</link>
      <pubDate>Mon, 01 Jan 0001 00:00:00 +0000</pubDate>
      
      <guid>/resources/book_5/data.json</guid>
      <description>Lecture notes on Chapter 5 of the course text: Vector spaces and signal space.</description>
    </item>
    
    <item>
      <title>book_6.pdf</title>
      <link>/resources/book_6/data.json</link>
      <pubDate>Mon, 01 Jan 0001 00:00:00 +0000</pubDate>
      
      <guid>/resources/book_6/data.json</guid>
      <description>Lecture notes on Chapter 6 of the course text: Channels, modulation, and demodulation.</description>
    </item>
    
    <item>
      <title>book_7.pdf</title>
      <link>/resources/book_7/data.json</link>
      <pubDate>Mon, 01 Jan 0001 00:00:00 +0000</pubDate>
      
      <guid>/resources/book_7/data.json</guid>
      <description>Lecture notes on Chapter 7 of the course text: Random processes and noise.</description>
    </item>
    
    <item>
      <title>book_8.pdf</title>
      <link>/resources/book_8/data.json</link>
      <pubDate>Mon, 01 Jan 0001 00:00:00 +0000</pubDate>
      
      <guid>/resources/book_8/data.json</guid>
      <description>Lecture notes on Chapter 8 of the course text: Detection, coding, and decoding.</description>
    </item>
    
    <item>
      <title>book_9.pdf</title>
      <link>/resources/book_9/data.json</link>
      <pubDate>Mon, 01 Jan 0001 00:00:00 +0000</pubDate>
      
      <guid>/resources/book_9/data.json</guid>
      <description>Lecture notes on Chapter 9 of the course text: Wireless digital communication.</description>
    </item>
    
    <item>
      <title>front_matter.pdf</title>
      <link>/resources/front_matter/data.json</link>
      <pubDate>Mon, 01 Jan 0001 00:00:00 +0000</pubDate>
      
      <guid>/resources/front_matter/data.json</guid>
      <description>Preface and table of contents for the course lecture notes.</description>
    </item>
    
    <item>
      <title>Lecture Notes</title>
      <link>/pages/lecture-notes/data.json</link>
      <pubDate>Mon, 01 Jan 0001 00:00:00 +0000</pubDate>
      
      <guid>/pages/lecture-notes/data.json</guid>
      <description>CHAPTER # TOPICS Preface and table of contents (PDF) 1 Introduction to digital communication (PDF) 2 Coding for discrete sources (PDF) 3 Quantization (PDF) 4 Source and channel waveforms (PDF - 1.1 MB) 5 Vector spaces and signal space (PDF) 6 Channels, modulation, and demodulation (PDF) 7 Random processes and noise (PDF - 1.0 MB) 8 Detection, coding, and decoding (PDF - 1.1 MB) 9 Wireless digital communication (PDF - 1.</description>
    </item>
    
  </channel>
</rss>
