{
  "title":"Lecture 14: Introduction to Convolutional Codes",
  "description": "",
  "file": null,
  "learning_resource_types": ["Lecture Videos"],
  "resource_type": "Video",
  "file_type": null,
  "youtube_key":  "HwGd1CPfIYk",
  "captions_file": "/courses/6-451-principles-of-digital-communication-ii-spring-2005/8de8bf9772e35b2e86786edb42719f8e_HwGd1CPfIYk.vtt",
  "transcript_file": "/courses/6-451-principles-of-digital-communication-ii-spring-2005/5b8b5d328a5a4df03e4dcbb68bfa2291_HwGd1CPfIYk.pdf",
  "thumbnail_file": "https://img.youtube.com/vi/HwGd1CPfIYk/default.jpg",
  "archive_url": "https://archive.org/download/MIT6.451S05/14ocw-6.451_4-261-30mar2005-220k.mp4"}
