{
  "title":"ps5.pdf",
  "description": "This file contains 8 problems on Euclidean division algorithm, unique factorization of the integers, finding irreducible polynomials, the nonzero elements of Fg(x) form an abelian group under multiplication, construction of F32, second nonzero weight of an MDS code, Nd and Nd+1 for certain MDS codes, and doubly extended RS codes.",
  "file": "/courses/6-451-principles-of-digital-communication-ii-spring-2005/b0311117e1f97920f4c371472379d361_ps5.pdf",
  "learning_resource_types": ["Assignments"],
  "resource_type": "Document",
  "file_type": "application/pdf"}
