{
  "title":"ps2.pdf",
  "description": "This file contains 5 problems on cartesian-product constellations, invariance to translation, orthogonal transformations, or scaling, optimality of zero-mean constellations, non-equiprobable signals, and UBE for M -PAM constellations.",
  "file": "/courses/6-451-principles-of-digital-communication-ii-spring-2005/c0969ee77c735a95efe3ff6895f66aca_ps2.pdf",
  "learning_resource_types": ["Assignments"],
  "resource_type": "Document",
  "file_type": "application/pdf"}
