{
  "title":"Lecture 3: Memory-less Sources",
  "description": "",
  "file": null,
  "learning_resource_types": ["Lecture Videos"],
  "resource_type": "Video",
  "file_type": null,
  "youtube_key":  "o8XojnApGc4",
  "captions_file": "/courses/6-450-principles-of-digital-communications-i-fall-2006/130d5cc85ed35fd2874ed3f9c8d1cb99_o8XojnApGc4.vtt",
  "transcript_file": "/courses/6-450-principles-of-digital-communications-i-fall-2006/d532a0d94bb4585a0c342149b4c04ad7_o8XojnApGc4.pdf",
  "thumbnail_file": "https://img.youtube.com/vi/o8XojnApGc4/default.jpg",
  "archive_url": "http://www.archive.org/download/MIT6.450F06_V2/ocw-6.450-f06-2003-09-10_300k.mp4"}
