{
  "title":"midterm02.pdf",
  "description": "This resource gives the instructions on how to take the closed book exam, it also gives the breakup of marks for each problem and its parts. It cotains two problems on: M -simplex signal set is a set of M signals and various propositions and statement for if they are true or false.",
  "file": "/courses/6-451-principles-of-digital-communication-ii-spring-2005/e22f07b085a00cadb730d1f66da290e8_midterm02.pdf",
  "learning_resource_types": ["Exams"],
  "resource_type": "Document",
  "file_type": "application/pdf"}
