{
  "title":"Lecture 1: Introduction",
  "description": "",
  "file": null,
  "learning_resource_types": ["Lecture Videos"],
  "resource_type": "Video",
  "file_type": null,
  "youtube_key":  "KXFF8m4uGDc",
  "captions_file": "/courses/6-450-principles-of-digital-communications-i-fall-2006/95a1a995a4aa5dc58fc9860b01f2be5c_KXFF8m4uGDc.vtt",
  "transcript_file": "/courses/6-450-principles-of-digital-communications-i-fall-2006/83f24feebc759e5eeabeb0390f453701_KXFF8m4uGDc.pdf",
  "thumbnail_file": "https://img.youtube.com/vi/KXFF8m4uGDc/default.jpg",
  "archive_url": "http://www.archive.org/download/MIT6.450F06_V2/ocw-6.450-f06-2003-09-03_300k.mp4"}
