{
  "title":"midterm005.pdf",
  "description": "This resource gives the instructions on how to take the closed book exam, it also gives the breakup of marks for each problem and its parts. It cotains two problems on: study of a class of codes called product codes, and various propositions and state if they are true or false, with data tables useful to solve the problems.",
  "file": "/courses/6-451-principles-of-digital-communication-ii-spring-2005/df64fee0e1d69befdd7042d284f49396_midterm005.pdf",
  "learning_resource_types": ["Exams"],
  "resource_type": "Document",
  "file_type": "application/pdf"}
