{
  "title":"Lecture 22: Discrete-Time Baseband Models for Wireless Channels",
  "description": "",
  "file": null,
  "learning_resource_types": ["Lecture Videos"],
  "resource_type": "Video",
  "file_type": null,
  "youtube_key":  "zkR2TT7x8uQ",
  "captions_file": "/courses/6-450-principles-of-digital-communications-i-fall-2006/5ccd263795cb56bb936bb934d4ec9284_zkR2TT7x8uQ.vtt",
  "transcript_file": "/courses/6-450-principles-of-digital-communications-i-fall-2006/35729ae6b904cbcc872eb03088a5438a_zkR2TT7x8uQ.pdf",
  "thumbnail_file": "https://img.youtube.com/vi/zkR2TT7x8uQ/default.jpg",
  "archive_url": "http://www.archive.org/download/MIT6.450F06_V2/ocw-6.450-f06-2003-12-03_300k.mp4"}
