{
  "title":"chap14.pdf",
  "description": "This resource provides introduction to lattice and trellis codes. It talks about lattices, lattice constellations, shaping gain and shaping techniques, coding gains of dense lattices, trellis codes, sequential decoding in the high-SNR regime and multilevel codes and multistage decoding.",
  "file": "/courses/6-451-principles-of-digital-communication-ii-spring-2005/5507a5832ab1c9b489ea100d9e2dd2bf_chap14.pdf",
  "learning_resource_types": ["Lecture Videos"],
  "resource_type": "Document",
  "file_type": "application/pdf"}
