{
  "title":"chap_5.pdf",
  "description": "This resource contains notes on signal constellations for the AWGN channel, probability of decision error, performance analysis in the power-limited regime, orthogonal and related signal sets, performance in the bandwidth-limited regime, design of small signal constellations, and summary of performance analysis and coding gain.",
  "file": "/courses/6-451-principles-of-digital-communication-ii-spring-2005/9c669af76ebf74ffe46645541f1ff6b3_chap_5.pdf",
  "learning_resource_types": ["Lecture Videos"],
  "resource_type": "Document",
  "file_type": "application/pdf"}
