{
  "title":"Lecture 21: Doppler Spread",
  "description": "",
  "file": null,
  "learning_resource_types": ["Lecture Videos"],
  "resource_type": "Video",
  "file_type": null,
  "youtube_key":  "2DbwtCePzWg",
  "captions_file": "/courses/6-450-principles-of-digital-communications-i-fall-2006/f3066c6c54595c23a7661ea174898634_2DbwtCePzWg.vtt",
  "transcript_file": "/courses/6-450-principles-of-digital-communications-i-fall-2006/be82438443599776460713d8a66d2b6c_2DbwtCePzWg.pdf",
  "thumbnail_file": "https://img.youtube.com/vi/2DbwtCePzWg/default.jpg",
  "archive_url": "http://www.archive.org/download/MIT6.450F06_V2/ocw-6.450-f06-2003-12-01_300k.mp4"}
