{
  "title":"Lecture 13: Random Processes",
  "description": "",
  "file": null,
  "learning_resource_types": ["Lecture Videos"],
  "resource_type": "Video",
  "file_type": null,
  "youtube_key":  "PMd2ZmcvMBI",
  "captions_file": "/courses/6-450-principles-of-digital-communications-i-fall-2006/7a2e58a3def25a1fa4df75a2be1a8250_PMd2ZmcvMBI.vtt",
  "transcript_file": "/courses/6-450-principles-of-digital-communications-i-fall-2006/58fb68f6f782860816569da029ae807d_PMd2ZmcvMBI.pdf",
  "thumbnail_file": "https://img.youtube.com/vi/PMd2ZmcvMBI/default.jpg",
  "archive_url": "http://www.archive.org/download/MIT6.450F06_V2/ocw-6.450-f06-2003-10-27_300k.mp4"}
