{
  "title":"Lecture 25: Linear Gaussian Channels",
  "description": "",
  "file": null,
  "learning_resource_types": ["Lecture Videos"],
  "resource_type": "Video",
  "file_type": null,
  "youtube_key":  "KalMFMv3_IM",
  "captions_file": "/courses/6-451-principles-of-digital-communication-ii-spring-2005/89f028e5ca5a568ba8e8a167ad14bcd2_KalMFMv3_IM.vtt",
  "transcript_file": "/courses/6-451-principles-of-digital-communication-ii-spring-2005/0df71ab812b4291b223ecd69d46de64e_KalMFMv3_IM.pdf",
  "thumbnail_file": "https://img.youtube.com/vi/KalMFMv3_IM/default.jpg",
  "archive_url": "https://archive.org/download/MIT6.451S05/25ocw-6.451_4-261-11may2005-220k.mp4"}
