{
  "title":"Lecture 5: Markov Sources",
  "description": "",
  "file": null,
  "learning_resource_types": ["Lecture Videos"],
  "resource_type": "Video",
  "file_type": null,
  "youtube_key":  "IgN5JQSh8w4",
  "captions_file": "/courses/6-450-principles-of-digital-communications-i-fall-2006/6267e8ce3ca851d8a6c5915ddf21cf24_IgN5JQSh8w4.vtt",
  "transcript_file": "/courses/6-450-principles-of-digital-communications-i-fall-2006/cbfd6538586c71a895a924b719cf8c72_IgN5JQSh8w4.pdf",
  "thumbnail_file": "https://img.youtube.com/vi/IgN5JQSh8w4/default.jpg",
  "archive_url": "http://www.archive.org/download/MIT6.450F06_V2/ocw-6.450-f06-2003-09-17_300k.mp4"}
