{
  "title":"6-895f04.jpg",
  "description": "Inside of a hard drive. (Image courtesy of Brandon Blinkenberg and stock.xchng.)",
  "file": "/courses/6-895-essential-coding-theory-fall-2004/a80f4c62934bdb3d073a169e12bc820f_6-895f04.jpg",
  "learning_resource_types": [],
  "resource_type": "Image",
  "file_type": "image/jpeg",
  "image_metadata": {"caption":"Inside of a hard drive. (Image courtesy of Brandon Blinkenberg and [stock.xchng](http://www.freeimages.com/).)","credit":"","image-alt":"A photograph of a platter and actuator arm from a computer hard drive."}}
