{"01060b08-ba74-792e-e8d8-5eb82b9efdb4":"/resources/chap8/data.json","020ef157-cdbf-b005-f756-497600e9763f":"/resources/lecture-21-turbo-ldpc-and-ra-codes/data.json","02535788-c876-bc64-a6fa-dcb80f3cab22":"/resources/24/data.json","0473f8c3-4eb7-c804-ca9d-b14ae43e7929":"/resources/gqvlvhgkfhc/data.json","05011b34-c8bd-a9f8-5f72-3da708b4baa7":"/resources/dyrlomvrqdw/data.json","057008d8-1a76-b0c8-e0b9-37c3b3143e7c":"/resources/ps7solns_2/data.json","072b2788-28c1-3d55-ce16-4af1d98da21b":"/resources/final03/data.json","089ae22a-325d-1e7b-9086-e83f7505768c":"/resources/12/data.json","0925849f-28ee-6af4-cd84-b60d34021e3f":"/resources/25/data.json","0ae07daf-ba3c-5f0b-81e4-89c2726bdcdb":"/resources/8hvtaortokc-2/data.json","0b90ab65-2f79-f402-d19a-9686dafee4fa":"/resources/mvpmghsbsc0/data.json","0df71ab8-12b4-291b-223e-cd69d46de64e":"/resources/kalmfmv3_im-1/data.json","0e1fa015-0ae8-c129-2edf-410c06a138bc":"/resources/7/data.json","0faea0dc-b211-a416-b564-36600236a0a7":"/resources/final05/data.json","1142dd55-8176-3d91-d595-d214194f95aa":"/resources/gqvlvhgkfhc-1/data.json","11df17cd-a218-9cb5-4de7-213ad1c6fcd4":"/resources/4htxkibiovi-1/data.json","13a4ba8a-120c-ea69-3cbc-1959a80c025b":"/resources/midterm03/data.json","13eb2511-ccbd-88c1-09c9-011a6b0087b9":"/resources/18/data.json","147cf944-eeb8-8d98-e97f-2d8c76f7fcc9":"/resources/8hvtaortokc-1/data.json","178193a4-1c4c-a1a9-4a8a-14d5071bb71e":"/resources/yegklhb9tou-1/data.json","1a3ad00d-83d1-d042-da33-28a8edd9edc2":"/resources/chap13/data.json","1b67ae9f-5c12-4c3b-d56c-8649afa5af47":"/resources/chap10/data.json","1cf75cf5-5783-5e32-a417-9dda4df95f85":"/resources/ojafrre21we-2/data.json","1e763fac-8a2a-9777-de7e-6c22973a2457":"/resources/ps4solns/data.json","1ffb818d-0630-053e-5f9b-6a9864f72bce":"/resources/lecture-17-codes-on-graphs/data.json","233218e3-2dcd-aa30-19f0-aba50e98414b":"/resources/midtermsol02/data.json","246e7803-3b72-1bb4-5bce-2738097a9979":"/resources/dyrlomvrqdw-1/data.json","252c928c-f9e5-e378-101a-4a3aea6b9112":"/resources/lecture-5-introduction-to-binary-block-codes/data.json","26272a05-4def-6c36-95d7-d2ef7435104d":"/resources/6-451s05/data.json","2717629c-83d9-0e1d-8a89-c7949fd33e73":"/resources/mnktn0y6gsu-1/data.json","28eebe8f-610d-5480-70da-e1bf3f74b6cd":"/resources/chap_1/data.json","2b13d8a5-5801-8dc9-8766-2ce38bf96b52":"/pages/syllabus/data.json","2b96f28a-4eea-f227-e57f-1e419aab8733":"/resources/21/data.json","2cafe005-e0dd-e893-f4ae-fa00c2438f28":"/resources/3eqyo1lcgdw-1/data.json","2ef72bc9-9981-568d-a97c-f6c104ce3bd4":"/resources/dyrlomvrqdw-2/data.json","334ceae8-6063-6a0c-35b1-79192be61104":"/resources/ps1solns/data.json","351150ec-4eae-c6ab-e7a8-c2900b997f62":"/resources/lecture-6-introduction-to-binary-block-codes/data.json","3842f83d-4577-5121-ab33-8bba11ae6660":"/resources/mnktn0y6gsu-2/data.json","3d17eb0c-c873-2729-6076-64b17cd98cb2":"/resources/cxgu2gtg5ro/data.json","3e5d741e-c462-b363-cfaf-c42b6369f678":"/resources/lecture-10-reed-solomon-codes/data.json","3e91a952-0411-d3fa-1226-6784a9927602":"/resources/ps1/data.json","3ff24be8-0368-535b-b218-2be5a768d8c4":"/resources/3eqyo1lcgdw-2/data.json","426c3acf-7890-58f3-ca67-b31cecb802b5":"/resources/cxgu2gtg5ro-1/data.json","42988812-8732-34ef-2576-5179d2511022":"/resources/lecture-22-lattice-and-trellis-codes/data.json","429aa445-ec35-d484-97ce-c9ef10fc57fd":"/pages/assignments/data.json","429ef237-4ae2-6213-2915-f2fbc03ca463":"/pages/readings-and-lecture-notes/data.json","43162a4e-10d7-3639-9032-82f4dd58001b":"/resources/chap9/data.json","44929476-b21b-20a1-172b-f92bb01b7dc0":"/resources/22/data.json","454037eb-f1c7-b6e7-166b-926fc576d9e5":"/resources/2ludhpg_q60-1/data.json","454288f3-c3c8-4368-7d65-ce1ddf55317d":"/resources/4/data.json","478f61df-c2f6-2cab-63bd-40653c0089c7":"/resources/6-451s05-th/data.json","4825a7e6-368e-7396-bf23-62dd9c1cb442":"/resources/nnj9lhepqkm/data.json","48a03949-a414-2318-ff9a-90f4b1dbdc84":"/resources/final02/data.json","48f6f702-2199-f81a-81a8-3d15c124f8ec":"/resources/2/data.json","49f72e32-1d09-9790-cff8-42eb61b209ae":"/pages/calendar/data.json","4a96c050-6bb6-52c1-deef-5d8915fdfff8":"/resources/lecture-1-introduction-sampling-theorem/data.json","517b4d44-dbf4-f265-08fd-2f6effb74aee":"/resources/19/data.json","52c980d4-7cfe-db6c-d061-4524b04a6e5f":"/resources/chap11/data.json","5507a583-2ab1-c9b4-89ea-100d9e2dd2bf":"/resources/chap14/data.json","556da27d-9fb5-f014-9419-ffd75e27d76b":"/resources/lecture-2-performance-of-small-signal-constellations/data.json","569b9e7d-4587-a696-2f75-2cf0f40b9fe6":"/resources/3eqyo1lcgdw/data.json","57da1018-7fab-d27e-4441-9335e1ad9efa":"/resources/16/data.json","586348b4-c992-3d82-1579-38ca47aef270":"/resources/chap1_3/data.json","5ad51857-6018-197e-1891-9105b7c58cf8":"/resources/nnj9lhepqkm-1/data.json","5b19f310-a6c5-dee1-5f1a-9bdcea09ced2":"/resources/lecture-25-linear-gaussian-channels/data.json","5b8b5d32-8a5a-4df0-3e4d-cbb68bfa2291":"/resources/hwgd1cpfiyk-1/data.json","5e3c4769-a083-5141-843b-bf94cf737a55":"/resources/2ludhpg_q60-2/data.json","5e8ab454-8fc6-d339-0fbe-42b4f5ee6edb":"/resources/lecture-20-turbo-ldpc-and-ra-codes/data.json","5f867f32-084b-0461-54f2-0699c652c4f5":"/resources/15/data.json","619c703b-a1c2-9bad-2c2c-231325ce2856":"/resources/3/data.json","6267f432-7a36-eff4-fe06-0220e38f8b92":"/resources/lecture-14-introduction-to-convolutional-codes/data.json","62c310fc-f27b-3b82-af67-5f9a14c8a70c":"/resources/lecture-9-introduction-to-finite-fields/data.json","6350e2f3-14e5-72cb-298f-a2aae6926033":"/resources/13/data.json","63d8c331-665d-6d67-09d7-d99954f6aef5":"/resources/lecture-16-trellis-representations-of-binary-linear-block-codes/data.json","6586f05a-379f-5942-a23e-379c8e41a48d":"/resources/zwzcmrkiikw-2/data.json","68d9eb2c-6087-6d85-f6ed-4975a891eb4a":"/resources/8/data.json","6bad631f-b668-9f89-6c58-12eef8e6a9a6":"/resources/lecture-8-introduction-to-finite-fields/data.json","73f32807-ffae-5021-7bb8-43a0ecf0133d":"/resources/ps10solns/data.json","73f9a1c9-1575-f1a3-abda-44e7358df3a2":"/video_galleries/video-lectures/data.json","7782bf3c-7b42-4f67-c3e1-afeb02c6d7d7":"/resources/midterm005/data.json","79c371b6-1f11-56df-80c3-9980d0a75e53":"/resources/dnontre2cf4-2/data.json","7a0f144b-81bc-e551-4859-12ecea086e94":"/resources/10/data.json","7ad94965-787c-b2d3-8202-c3b259b46d83":"/resources/lecture-15-trellis-representations-of-binary-linear-block-codes/data.json","7cb39293-41f0-7278-6598-cd05c69a3f5c":"/resources/chap_2/data.json","7d9ee42a-b1d4-5fff-96ea-387dc3c6d5f2":"/resources/9/data.json","7db3feef-c9a1-576a-a904-14ba5448eb5b":"/resources/gqvlvhgkfhc-2/data.json","7e56a5ed-159e-fe05-e691-082151b7e078":"/resources/ojafrre21we/data.json","80fe1500-4ab2-5166-93b1-982acc0f334a":"/resources/d_mg_jnnevu-2/data.json","81263d3a-8c39-4108-cb1e-4be5b0b68cb0":"/resources/ps9/data.json","8134f137-7b33-d7b3-20a2-ce03c0b542aa":"/resources/520074-1/data.json","82a2ba86-2d56-6ea3-2020-d7bc78cc2ba4":"/resources/47yj7g6dzka/data.json","8540577a-1db1-401c-f40e-82eda3a23148":"/resources/ps5solns/data.json","8543b757-a3f4-1f99-a548-2d8d4a59789c":"/resources/ps3/data.json","85db76a1-2138-5826-5891-fb86b0a3e506":"/resources/520074/data.json","86039a13-23a6-93da-03c2-e363a25d0458":"/resources/d_mg_jnnevu/data.json","8629a5d1-92b4-ceb6-aa9e-ca8a01025d34":"/resources/6/data.json","865032e5-197c-7827-4e85-75806788b269":"/resources/lecture-3-hard-decision-and-soft-decision-decoding/data.json","8921c013-c1d7-802b-b197-572c52442b97":"/resources/chap7/data.json","89f028e5-ca5a-568b-a8e8-a167ad14bcd2":"/resources/kalmfmv3_im-2/data.json","8b4406bf-b858-0a97-7c1e-a12c022f18d8":"/resources/dnontre2cf4-1/data.json","8ba152c3-673b-900f-e4d6-3d55bf5f84f6":"/resources/1/data.json","8de8bf97-72e3-5b2e-8678-6edb42719f8e":"/resources/hwgd1cpfiyk-2/data.json","8fa5bca3-cba5-9820-d2d7-f02432423751":"/resources/8hvtaortokc/data.json","9013f904-2abf-6a4b-6963-b5757c7ad9ca":"/resources/47yj7g6dzka-1/data.json","9162ee3c-131c-befc-b47c-a94d3d47718c":"/resources/hwgd1cpfiyk/data.json","91d8b0f5-8333-1241-16aa-c4a8a4cbf989":"/pages/exams/data.json","954a47e7-f2e0-505a-7e7a-2b5737e595e9":"/resources/mnktn0y6gsu/data.json","96f1d3a7-09a2-4e15-00de-a79d65627db2":"/resources/dnontre2cf4/data.json","98d94147-7ffc-7844-2653-86221faea802":"/resources/chap6/data.json","9a09a6ee-fc41-5316-85bc-32967ccb6391":"/resources/sv08nmxzdau-2/data.json","9bd6ff59-c3b9-bfb9-3032-ada9e0fe07c1":"/resources/final03solns/data.json","9c669af7-6ebf-74ff-e466-45541f1ff6b3":"/resources/chap_5/data.json","9ee2e226-c7fa-2b1c-4330-b0ba064ed05a":"/resources/dy44bdqxrao/data.json","a05a2533-79ab-a3ef-bd40-0e8b82dde603":"/resources/midterm03solns/data.json","a15a016b-ed8c-5e7a-978a-572d16e6377a":"/resources/vxb3qmtg8yq-2/data.json","a23d1ab1-204c-1332-67c8-d7a6abb4c06c":"/resources/ps8/data.json","a309f18d-7df6-d909-ebe2-d544ed78c0ca":"/resources/eyqohn4-4jg/data.json","a375bcf2-6f59-c56b-39cf-b8b5b96902a8":"/resources/lecture-23-lattice-and-trellis-codes/data.json","a4dbf071-8fe0-5c12-b86e-4453cba5093c":"/resources/4htxkibiovi-2/data.json","a5318ef5-e548-9f26-8ad8-a08d31618bbe":"/resources/zwzcmrkiikw-1/data.json","a70beaa3-6d38-e6af-7160-fc8112db08c3":"/resources/5/data.json","ab683688-25b0-cea8-5d44-92ac5e355124":"/resources/17/data.json","ae35b1fe-1236-1b4f-f478-fa5d61d917d6":"/resources/ypabqu7nuzq-1/data.json","ae8aa28e-7b9a-5b86-a268-5ab1dce6e19b":"/resources/mvpmghsbsc0-2/data.json","afa5e531-ae3a-27b5-9b79-fd7007765bb5":"/resources/zwzcmrkiikw/data.json","b0311117-e1f9-7920-f4c3-71472379d361":"/resources/ps5/data.json","b0b90c8a-2a42-ab2a-7c3b-f7391f004c6d":"/resources/lecture-11-reed-solomon-codes/data.json","b2861239-8994-5cef-13e5-a9aa20e56a18":"/resources/chap4/data.json","b2c6ce6d-50ae-c06d-ead9-b7d1862f4eef":"/resources/sv08nmxzdau-1/data.json","b3a4aba6-e9af-f98b-7fef-d0b83bcadd1f":"/resources/final05solns/data.json","b3abd8e6-fcde-51f3-9f76-7682c5065ead":"/resources/q4lsdylkzci-2/data.json","b3f591df-b325-5fae-a861-303725c49eb6":"/resources/eyqohn4-4jg-2/data.json","b629646e-1b33-265d-098d-cfd08307af38":"/resources/mvpmghsbsc0-1/data.json","b6b78376-8e51-c2f9-5bd3-ca2d397bfda9":"/resources/lecture-13-introduction-to-convolutional-codes/data.json","bb895c1d-ee9c-e0b3-9d68-46e0aa984981":"/resources/mit6_451s05_fulllecnotes/data.json","bc23976a-d314-dcfd-79ba-6c6eb5e760ed":"/resources/d_mg_jnnevu-1/data.json","bd17cd34-752a-985e-aab1-01f08420db4a":"/resources/ps8solns/data.json","c0969ee7-7c73-5a95-efe3-ff6895f66aca":"/resources/ps2/data.json","c1ae830a-3f2e-ea9e-d2bc-b2b430ba1bce":"/resources/ps7/data.json","c2ecb29e-c9cd-494a-1bd3-92d14ce22a94":"/resources/q4lsdylkzci/data.json","c324ba15-4a33-c4f3-a7b8-1d9c11e57077":"/resources/q4lsdylkzci-1/data.json","c33a327b-1d7e-a22e-cc34-c229b3d9707b":"/resources/sv08nmxzdau/data.json","c4eb2579-c9a4-e913-ac69-5873cdaf4c45":"/resources/lecture-4-hard-decision-and-soft-decision-decoding/data.json","c5213bce-9efe-5cf1-b2fb-e74641f44625":"/resources/yegklhb9tou-2/data.json","c7431aa7-6d28-50a0-b316-e76c43b2a349":"/resources/ypabqu7nuzq-2/data.json","ca4592f4-9d8a-9901-4e12-37d2c7806856":"/resources/yegklhb9tou/data.json","cc4381c9-d297-59ca-b78d-aa5bd1405664":"/resources/chap_3/data.json","cc89c697-c7e1-d55d-bc90-98c1685a7298":"/resources/ps9solns/data.json","cef8e748-9cb2-4add-535a-6ca99dcdd838":"/resources/ypabqu7nuzq/data.json","d0677b8a-9357-5427-7f68-772bb75fec2d":"/resources/midterm05solns/data.json","d0b83ebb-9844-7726-c9f5-6f03adc3c0c5":"/resources/ps4/data.json","d12d3ca7-6a91-bbfe-cb2e-322c37e3c1bf":"/resources/2ludhpg_q60/data.json","d31139cd-b3b4-abd6-dca5-0ee450884ae3":"/resources/ps7solns/data.json","d31628bf-1236-58c9-903a-7652a3c4e1e5":"/resources/cxgu2gtg5ro-2/data.json","d358ff56-9378-ab18-25c1-89ee1a6e5777":"/resources/ps6/data.json","d62aaaea-fc38-cefd-6b9a-182b1db8b6e1":"/resources/23/data.json","d7956bfb-290f-57f7-a0ed-5acd5450e32e":"/resources/520074-2/data.json","dd07f9dc-a593-c50e-11ed-8f8a6b401806":"/resources/4htxkibiovi/data.json","de811242-449e-5072-b755-2830550225ea":"/resources/47yj7g6dzka-2/data.json","dedde0fa-6016-289c-ac86-c6ebe1e08941":"/resources/vxb3qmtg8yq/data.json","df64fee0-e1d6-9bef-dd70-42d284f49396":"/resources/midterm005-1/data.json","e22f07b0-85a0-0cad-b730-d1f66da290e8":"/resources/midterm02/data.json","e5e282bd-c465-1935-5617-0b868434139f":"/resources/lecture-18-codes-on-graphs/data.json","e7d4844c-93a7-d1f8-26d3-2f23cc5b4da6":"/resources/dy44bdqxrao-1/data.json","e809be35-f6c9-76ea-f8e0-103a99ec2ec0":"/resources/lecture-12-reed-solomon-codes/data.json","e820ac20-29ca-835e-fefc-ae6ea0b8feb5":"/resources/lecture-24-linear-gaussian-channels/data.json","e85f4721-a4f0-05e5-6df8-50e47892a7cf":"/resources/ps6solns/data.json","ea7b0e88-8a9a-878a-b102-0ce609f22957":"/resources/ps2solns/data.json","eb0d2986-e382-de10-ba9f-faec4873d4c0":"/resources/11/data.json","ecc464e7-75c2-b58f-c826-ec48069692b8":"/resources/ps3solns/data.json","ee9e85d5-7d6d-74ab-760b-827e9b1043c7":"/resources/chap12/data.json","eed1563e-794f-269c-5921-25c3bcd253ce":"/resources/lecture-19-the-sum-product-algorithm/data.json","ef73fbc3-2664-b8ff-4453-efe71f5edaf1":"/resources/vxb3qmtg8yq-1/data.json","efc95bb7-4103-4a5d-7c42-63b837d2a7ce":"/resources/lecture-7-introduction-to-finite-fields/data.json","f196f2fd-02f6-a305-6c95-238470e40473":"/resources/ojafrre21we-1/data.json","f197ca86-d100-53f2-aa91-a53f0085b4b3":"/resources/dy44bdqxrao-2/data.json","f2b7b756-bc98-14fe-29c5-a6a85b255e33":"/resources/14/data.json","f50c7934-c957-5f02-9f31-ff5d333681fe":"/resources/nnj9lhepqkm-2/data.json","f5c7b339-07c2-e311-6f9f-65589d5678ff":"/resources/20/data.json","f68c5b1c-792c-544e-7015-f9c192080881":"/resources/ps10/data.json","f96e2d91-0415-543f-5f3f-e39a80d006ba":"/resources/final02solns2/data.json","f9a499f3-6ac6-acd2-b6c7-e262499690c8":"/resources/eyqohn4-4jg-1/data.json","feea86f2-44e2-530b-960e-e63b63c5e1f9":"/resources/kalmfmv3_im/data.json"}