{
  "course_title":"Principles of Digital Communication II",
  "course_description":"This course is the second of a two-term sequence with 6.450. The focus is on coding techniques for approaching the Shannon limit of additive white Gaussian noise (AWGN) channels, their performance analysis, and design principles. After a review of 6.450 and the Shannon limit for AWGN channels, the course begins by discussing small signal constellations, performance analysis and coding gain, and hard-decision and soft-decision decoding. It continues with binary linear block codes, Reed-Muller codes, finite fields, Reed-Solomon and BCH codes, binary linear convolutional codes, and the Viterbi algorithm.\n\nMore advanced topics include trellis representations of binary linear block codes and trellis-based decoding; codes on graphs; the sum-product and min-sum algorithms; the BCJR algorithm; turbo codes, LDPC codes and RA codes; and performance of LDPC codes with iterative decoding. Finally, the course addresses coding for the bandwidth-limited regime, including lattice codes, trellis-coded modulation, multilevel coding and shaping. If time permits, it covers equalization of linear Gaussian channels.\n",
  "site_uid":"7be06e64-d983-447a-9e55-efce66693db7",
  "legacy_uid":"9b58c4a1-5379-7099-365e-5efe06302f9a","instructors": [{
    "first_name":"David",
    "last_name":"Forney",
    "middle_initial":"",
    "salutation":"Prof.",
    "title":"Prof. David Forney"}],"department_numbers":["6"],
  "learning_resource_types":["Lecture Videos","Problem Sets with Solutions","Exams with Solutions","Lecture Notes"],
  "topics":[["Engineering","Electrical Engineering","Digital Systems"],["Engineering","Electrical Engineering","Telecommunications"]],
  "primary_course_number":"6.451",
  "extra_course_numbers":"",
  "term":"Spring",
  "year":"2005",
  "level":["Graduate"],
  "image_src":"./static_resources/26272a054def6c3695d7d2ef7435104d_6-451s05.jpg",
  "course_image_metadata":{"content_type":"resource","description":"Wireless digital communications. (Image by MIT OCW.)","draft":false,"file":"/courses/6-451-principles-of-digital-communication-ii-spring-2005/26272a054def6c3695d7d2ef7435104d_6-451s05.jpg","file_type":"image/jpeg","image_metadata":{"caption":"Wireless digital communications. (Image by MIT OpenCourseWare.)","credit":"","image-alt":"An illustration of a cellular device and a cell tower."},"iscjklanguage":false,"learning_resource_types":[],"license":"https://creativecommons.org/licenses/by-nc-sa/4.0/","ocw_type":"OCWImage","resourcetype":"Image","title":"6-451s05.jpg","uid":"26272a05-4def-6c36-95d7-d2ef7435104d"}}

