{
  "title":"Lecture 4: Hard-decision and Soft-decision Decoding",
  "description": "",
  "file": null,
  "learning_resource_types": ["Lecture Videos"],
  "resource_type": "Video",
  "file_type": null,
  "youtube_key":  "vXB3QmTg8YQ",
  "captions_file": "/courses/6-451-principles-of-digital-communication-ii-spring-2005/a15a016bed8c5e7a978a572d16e6377a_vXB3QmTg8YQ.vtt",
  "transcript_file": "/courses/6-451-principles-of-digital-communication-ii-spring-2005/ef73fbc32664b8ff4453efe71f5edaf1_vXB3QmTg8YQ.pdf",
  "thumbnail_file": "https://img.youtube.com/vi/vXB3QmTg8YQ/default.jpg",
  "archive_url": "https://archive.org/download/MIT6.451S05/4ocw-6.451_4-261-14feb2005-220k.mp4"}
