{
  "title":"Lecture 10: Degrees of Freedom",
  "description": "",
  "file": null,
  "learning_resource_types": ["Lecture Videos"],
  "resource_type": "Video",
  "file_type": null,
  "youtube_key":  "qU6NkB4xE7U",
  "captions_file": "/courses/6-450-principles-of-digital-communications-i-fall-2006/ffb8e412b4a75a988f76d9874bbc3d69_qU6NkB4xE7U.vtt",
  "transcript_file": "/courses/6-450-principles-of-digital-communications-i-fall-2006/46085f3991f7706f58b753625e71c846_qU6NkB4xE7U.pdf",
  "thumbnail_file": "https://img.youtube.com/vi/qU6NkB4xE7U/default.jpg",
  "archive_url": "http://www.archive.org/download/MIT6.450F06_V2/ocw-6.450-f06-2003-10-15_300k.mp4"}
