{
  "title":"ps2solns.pdf",
  "description": "This file contains solutions for problems on cartesian-product constellations, invariance to translation, orthogonal transformations, or scaling, optimality of zero-mean constellations, non-equiprobable signals, and UBE for M -PAM constellations.",
  "file": "/courses/6-451-principles-of-digital-communication-ii-spring-2005/ea7b0e888a9a878ab1020ce609f22957_ps2solns.pdf",
  "learning_resource_types": ["Assignments"],
  "resource_type": "Document",
  "file_type": "application/pdf"}
