{
  "title":"Lecture 12: Nyquist Theory",
  "description": "",
  "file": null,
  "learning_resource_types": ["Lecture Videos"],
  "resource_type": "Video",
  "file_type": null,
  "youtube_key":  "skW0oXoAU0M",
  "captions_file": "/courses/6-450-principles-of-digital-communications-i-fall-2006/b18c4f7fb0155bf4be99749d0c579803_skW0oXoAU0M.vtt",
  "transcript_file": "/courses/6-450-principles-of-digital-communications-i-fall-2006/5f9666b5e49cd75306f0c6006f101e75_skW0oXoAU0M.pdf",
  "thumbnail_file": "https://img.youtube.com/vi/skW0oXoAU0M/default.jpg",
  "archive_url": "http://www.archive.org/download/MIT6.450F06_V2/ocw-6.450-f06-2003-10-22_300k.mp4"}
