<?xml version="1.0" encoding="utf-8" standalone="yes"?>
<rss version="2.0" xmlns:atom="http://www.w3.org/2005/Atom">
  <channel>
    <title>Lecture Videos on MIT OpenCourseWare</title>
    <link>/resources/lecture-videos/</link>
    <description>Recent content in Lecture Videos on MIT OpenCourseWare</description>
    <generator>Hugo -- gohugo.io</generator>
    <language>en-us</language><atom:link href="/resources/lecture-videos/index.xml" rel="self" type="application/rss+xml" />
    <item>
      <title>chap_1.pdf</title>
      <link>/resources/chap_1/data.json</link>
      <pubDate>Mon, 01 Jan 0001 00:00:00 +0000</pubDate>
      
      <guid>/resources/chap_1/data.json</guid>
      <description>This resource provides introduction to Shannon?s grand challenge and brief history of codes for deep-space missions and telephone-line modems. It also provides exercise and references for the above topics covered.</description>
    </item>
    
    <item>
      <title>chap_2.pdf</title>
      <link>/resources/chap_2/data.json</link>
      <pubDate>Mon, 01 Jan 0001 00:00:00 +0000</pubDate>
      
      <guid>/resources/chap_2/data.json</guid>
      <description>This resource provides notes on continuous-time AWGN channel model, signal spaces, sampling theorem, white Gaussian noise (WGN), continuous time to discrete time, and orthonormal PAM and QAM modulation.</description>
    </item>
    
    <item>
      <title>chap_3.pdf</title>
      <link>/resources/chap_3/data.json</link>
      <pubDate>Mon, 01 Jan 0001 00:00:00 +0000</pubDate>
      
      <guid>/resources/chap_3/data.json</guid>
      <description>This resource provides outline of proof of the capacity theorem, notes on laws of large numbers, and geometric interpretation and converse.</description>
    </item>
    
    <item>
      <title>chap_5.pdf</title>
      <link>/resources/chap_5/data.json</link>
      <pubDate>Mon, 01 Jan 0001 00:00:00 +0000</pubDate>
      
      <guid>/resources/chap_5/data.json</guid>
      <description>This resource contains notes on signal constellations for the AWGN channel, probability of decision error, performance analysis in the power-limited regime, orthogonal and related signal sets, performance in the bandwidth-limited regime, design of small signal constellations, and summary of performance analysis and coding gain.</description>
    </item>
    
    <item>
      <title>chap1_3.pdf</title>
      <link>/resources/chap1_3/data.json</link>
      <pubDate>Mon, 01 Jan 0001 00:00:00 +0000</pubDate>
      
      <guid>/resources/chap1_3/data.json</guid>
      <description></description>
    </item>
    
    <item>
      <title>chap10.pdf</title>
      <link>/resources/chap10/data.json</link>
      <pubDate>Mon, 01 Jan 0001 00:00:00 +0000</pubDate>
      
      <guid>/resources/chap10/data.json</guid>
      <description>This resource provides definition of Trellis representations of binary linear block codes, notes on minimal trellises and the state space theorem, and permutation and sectionalization problems.</description>
    </item>
    
    <item>
      <title>chap11.pdf</title>
      <link>/resources/chap11/data.json</link>
      <pubDate>Mon, 01 Jan 0001 00:00:00 +0000</pubDate>
      
      <guid>/resources/chap11/data.json</guid>
      <description>This resource contains notes on elementary realizations of linear block codes, general linear behavioral realizations, graph-theoretic properties of graphical realizations, and classes of graphical realizations.</description>
    </item>
    
    <item>
      <title>chap12.pdf</title>
      <link>/resources/chap12/data.json</link>
      <pubDate>Mon, 01 Jan 0001 00:00:00 +0000</pubDate>
      
      <guid>/resources/chap12/data.json</guid>
      <description>This resource contains algorithm on cycle-free graphs, BCJR, min-sum algorithm and ML decoding, sum-product algorithm on graphs with cycles.</description>
    </item>
    
    <item>
      <title>chap13.pdf</title>
      <link>/resources/chap13/data.json</link>
      <pubDate>Mon, 01 Jan 0001 00:00:00 +0000</pubDate>
      
      <guid>/resources/chap13/data.json</guid>
      <description>This resource provides notes on LDPC codes, turbo codes, Repeat-accumulate codes, analysis of LDPC codes on the binary erasure channel, and LDPC code analysis on symmetric binary-input channels.</description>
    </item>
    
    <item>
      <title>chap14.pdf</title>
      <link>/resources/chap14/data.json</link>
      <pubDate>Mon, 01 Jan 0001 00:00:00 +0000</pubDate>
      
      <guid>/resources/chap14/data.json</guid>
      <description>This resource provides introduction to lattice and trellis codes. It talks about lattices, lattice constellations, shaping gain and shaping techniques, coding gains of dense lattices, trellis codes, sequential decoding in the high-SNR regime and multilevel codes and multistage decoding.</description>
    </item>
    
    <item>
      <title>chap4.pdf</title>
      <link>/resources/chap4/data.json</link>
      <pubDate>Mon, 01 Jan 0001 00:00:00 +0000</pubDate>
      
      <guid>/resources/chap4/data.json</guid>
      <description>This resource contains notes on Discrete-time AWGN channel model, two normalized measures of SNR, power-limited and bandwidth-limited channels, and performance of M-PAM and (M ? M )-QAM.</description>
    </item>
    
    <item>
      <title>chap6.pdf</title>
      <link>/resources/chap6/data.json</link>
      <pubDate>Mon, 01 Jan 0001 00:00:00 +0000</pubDate>
      
      <guid>/resources/chap6/data.json</guid>
      <description>This resource talks about binary signal constellations, binary linear block codes as binary vector spaces, Euclidean-space images of binary linear block codes, reed-Muller codes, and decoding of binary block codes.</description>
    </item>
    
    <item>
      <title>chap7.pdf</title>
      <link>/resources/chap7/data.json</link>
      <pubDate>Mon, 01 Jan 0001 00:00:00 +0000</pubDate>
      
      <guid>/resources/chap7/data.json</guid>
      <description>This resource contains notes on integers, groups, fields, polynomials, a construction of a field with pm elements, the multiplicative group of Fq is cyclic, every finite field is isomorphic to a field Fg(x), and finite fields Fpm exist for all prime p and m = 1.</description>
    </item>
    
    <item>
      <title>chap8.pdf</title>
      <link>/resources/chap8/data.json</link>
      <pubDate>Mon, 01 Jan 0001 00:00:00 +0000</pubDate>
      
      <guid>/resources/chap8/data.json</guid>
      <description>This resource contains linear codes over finite fields, singleton bount and MDS codes, Reed-Solomon codes , introduction to RS codes, applications of RS codes, and binary BCH codes.</description>
    </item>
    
    <item>
      <title>chap9.pdf</title>
      <link>/resources/chap9/data.json</link>
      <pubDate>Mon, 01 Jan 0001 00:00:00 +0000</pubDate>
      
      <guid>/resources/chap9/data.json</guid>
      <description>This resource provides notes on linear time-invariant systems over finite fields, Rate-1/n binary linear convolutional codes, terminated convolutional codes, maximum likelihood sequence detection: The VA,and performance analysis of convolutional codes.</description>
    </item>
    
    <item>
      <title>Lecture 1: Introduction Sampling Theorem</title>
      <link>/resources/lecture-1-introduction-sampling-theorem/data.json</link>
      <pubDate>Mon, 01 Jan 0001 00:00:00 +0000</pubDate>
      
      <guid>/resources/lecture-1-introduction-sampling-theorem/data.json</guid>
      <description>Topics covered: Introduction Sampling Theorem and Orthonormal PAM/QAM Capacity of AWGN Channels
Instructor: Prof. David Forney</description>
    </item>
    
    <item>
      <title>Lecture 10: Reed-Solomon Codes</title>
      <link>/resources/lecture-10-reed-solomon-codes/data.json</link>
      <pubDate>Mon, 01 Jan 0001 00:00:00 +0000</pubDate>
      
      <guid>/resources/lecture-10-reed-solomon-codes/data.json</guid>
      <description>Topics covered: Reed-Solomon Codes
Instructor: Prof. David Forney</description>
    </item>
    
    <item>
      <title>Lecture 11: Reed-Solomon Codes</title>
      <link>/resources/lecture-11-reed-solomon-codes/data.json</link>
      <pubDate>Mon, 01 Jan 0001 00:00:00 +0000</pubDate>
      
      <guid>/resources/lecture-11-reed-solomon-codes/data.json</guid>
      <description>Topics covered: Reed-Solomon Codes
Instructor: Prof. David Forney</description>
    </item>
    
    <item>
      <title>Lecture 12: Reed-Solomon Codes</title>
      <link>/resources/lecture-12-reed-solomon-codes/data.json</link>
      <pubDate>Mon, 01 Jan 0001 00:00:00 +0000</pubDate>
      
      <guid>/resources/lecture-12-reed-solomon-codes/data.json</guid>
      <description>Topics covered: Reed-Solomon Codes
Instructor: Prof. David Forney</description>
    </item>
    
    <item>
      <title>Lecture 13: Introduction to Convolutional Codes</title>
      <link>/resources/lecture-13-introduction-to-convolutional-codes/data.json</link>
      <pubDate>Mon, 01 Jan 0001 00:00:00 +0000</pubDate>
      
      <guid>/resources/lecture-13-introduction-to-convolutional-codes/data.json</guid>
      <description>Topics covered: Introduction to Convolutional Codes
Instructor: Prof. David Forney</description>
    </item>
    
    <item>
      <title>Lecture 14: Introduction to Convolutional Codes</title>
      <link>/resources/lecture-14-introduction-to-convolutional-codes/data.json</link>
      <pubDate>Mon, 01 Jan 0001 00:00:00 +0000</pubDate>
      
      <guid>/resources/lecture-14-introduction-to-convolutional-codes/data.json</guid>
      <description>Topics covered: Introduction to Convolutional Codes
Instructor: Prof. David Forney</description>
    </item>
    
    <item>
      <title>Lecture 15: Trellis Representations of Binary Linear Block Codes</title>
      <link>/resources/lecture-15-trellis-representations-of-binary-linear-block-codes/data.json</link>
      <pubDate>Mon, 01 Jan 0001 00:00:00 +0000</pubDate>
      
      <guid>/resources/lecture-15-trellis-representations-of-binary-linear-block-codes/data.json</guid>
      <description>Topics covered: Trellis Representations of Binary Linear Block Codes
Instructor: Prof. David Forney</description>
    </item>
    
    <item>
      <title>Lecture 16: Trellis Representations of Binary Linear Block Codes</title>
      <link>/resources/lecture-16-trellis-representations-of-binary-linear-block-codes/data.json</link>
      <pubDate>Mon, 01 Jan 0001 00:00:00 +0000</pubDate>
      
      <guid>/resources/lecture-16-trellis-representations-of-binary-linear-block-codes/data.json</guid>
      <description>Topics covered: Trellis Representations of Binary Linear Block Codes
Instructor: Prof. David Forney</description>
    </item>
    
    <item>
      <title>Lecture 17: Codes on Graphs</title>
      <link>/resources/lecture-17-codes-on-graphs/data.json</link>
      <pubDate>Mon, 01 Jan 0001 00:00:00 +0000</pubDate>
      
      <guid>/resources/lecture-17-codes-on-graphs/data.json</guid>
      <description>Topics covered: Codes on Graphs
Instructor: Prof. David Forney</description>
    </item>
    
    <item>
      <title>Lecture 18: Codes on Graphs</title>
      <link>/resources/lecture-18-codes-on-graphs/data.json</link>
      <pubDate>Mon, 01 Jan 0001 00:00:00 +0000</pubDate>
      
      <guid>/resources/lecture-18-codes-on-graphs/data.json</guid>
      <description>Topics covered: Codes on Graphs
Instructor: Prof. David Forney</description>
    </item>
    
    <item>
      <title>Lecture 19: The Sum-Product Algorithm </title>
      <link>/resources/lecture-19-the-sum-product-algorithm/data.json</link>
      <pubDate>Mon, 01 Jan 0001 00:00:00 +0000</pubDate>
      
      <guid>/resources/lecture-19-the-sum-product-algorithm/data.json</guid>
      <description>Topics covered: The Sum-Product Algorithm
Instructor: Prof. David Forney</description>
    </item>
    
    <item>
      <title>Lecture 2: Performance of Small Signal Constellations</title>
      <link>/resources/lecture-2-performance-of-small-signal-constellations/data.json</link>
      <pubDate>Mon, 01 Jan 0001 00:00:00 +0000</pubDate>
      
      <guid>/resources/lecture-2-performance-of-small-signal-constellations/data.json</guid>
      <description>Topics covered: Performance of Small Signal Constellations
Instructor: Prof. David Forney</description>
    </item>
    
    <item>
      <title>Lecture 20: Turbo, LDPC, and RA Codes </title>
      <link>/resources/lecture-20-turbo-ldpc-and-ra-codes/data.json</link>
      <pubDate>Mon, 01 Jan 0001 00:00:00 +0000</pubDate>
      
      <guid>/resources/lecture-20-turbo-ldpc-and-ra-codes/data.json</guid>
      <description>Topics covered: Turbo, LDPC, and RA Codes
Instructor: Prof. David Forney</description>
    </item>
    
    <item>
      <title>Lecture 21: Turbo, LDPC, and RA Codes </title>
      <link>/resources/lecture-21-turbo-ldpc-and-ra-codes/data.json</link>
      <pubDate>Mon, 01 Jan 0001 00:00:00 +0000</pubDate>
      
      <guid>/resources/lecture-21-turbo-ldpc-and-ra-codes/data.json</guid>
      <description>Topics covered: Turbo, LDPC, and RA Codes
Instructor: Prof. David Forney</description>
    </item>
    
    <item>
      <title>Lecture 22: Lattice and Trellis Codes</title>
      <link>/resources/lecture-22-lattice-and-trellis-codes/data.json</link>
      <pubDate>Mon, 01 Jan 0001 00:00:00 +0000</pubDate>
      
      <guid>/resources/lecture-22-lattice-and-trellis-codes/data.json</guid>
      <description>Topics covered: Lattice and Trellis Codes
Instructor: Prof. David Forney</description>
    </item>
    
    <item>
      <title>Lecture 23: Lattice and Trellis Codes </title>
      <link>/resources/lecture-23-lattice-and-trellis-codes/data.json</link>
      <pubDate>Mon, 01 Jan 0001 00:00:00 +0000</pubDate>
      
      <guid>/resources/lecture-23-lattice-and-trellis-codes/data.json</guid>
      <description>Topics covered: Lattice and Trellis Codes
Instructor: Prof. David Forney</description>
    </item>
    
    <item>
      <title>Lecture 24: Linear Gaussian Channels</title>
      <link>/resources/lecture-24-linear-gaussian-channels/data.json</link>
      <pubDate>Mon, 01 Jan 0001 00:00:00 +0000</pubDate>
      
      <guid>/resources/lecture-24-linear-gaussian-channels/data.json</guid>
      <description>Topics covered: Linear Gaussian Channels
Instructor: Prof. David Forney</description>
    </item>
    
    <item>
      <title>Lecture 25: Linear Gaussian Channels</title>
      <link>/resources/lecture-25-linear-gaussian-channels/data.json</link>
      <pubDate>Mon, 01 Jan 0001 00:00:00 +0000</pubDate>
      
      <guid>/resources/lecture-25-linear-gaussian-channels/data.json</guid>
      <description>Topics covered: Linear Gaussian Channels
Instructor: Prof. David Forney</description>
    </item>
    
    <item>
      <title>Lecture 3: Hard-decision and Soft-decision Decoding</title>
      <link>/resources/lecture-3-hard-decision-and-soft-decision-decoding/data.json</link>
      <pubDate>Mon, 01 Jan 0001 00:00:00 +0000</pubDate>
      
      <guid>/resources/lecture-3-hard-decision-and-soft-decision-decoding/data.json</guid>
      <description>Topics covered: Hard-decision and Soft-decision Decoding
Instructor: Prof. David Forney</description>
    </item>
    
    <item>
      <title>Lecture 4: Hard-decision and Soft-decision Decoding</title>
      <link>/resources/lecture-4-hard-decision-and-soft-decision-decoding/data.json</link>
      <pubDate>Mon, 01 Jan 0001 00:00:00 +0000</pubDate>
      
      <guid>/resources/lecture-4-hard-decision-and-soft-decision-decoding/data.json</guid>
      <description>Topics covered: Hard-decision and Soft-decision Decoding
Instructor: Prof. David Forney</description>
    </item>
    
    <item>
      <title>Lecture 5: Introduction to Binary Block Codes</title>
      <link>/resources/lecture-5-introduction-to-binary-block-codes/data.json</link>
      <pubDate>Mon, 01 Jan 0001 00:00:00 +0000</pubDate>
      
      <guid>/resources/lecture-5-introduction-to-binary-block-codes/data.json</guid>
      <description>Topics covered: Introduction to Binary Block Codes
Instructor: Prof. David Forney</description>
    </item>
    
    <item>
      <title>Lecture 6: Introduction to Binary Block Codes</title>
      <link>/resources/lecture-6-introduction-to-binary-block-codes/data.json</link>
      <pubDate>Mon, 01 Jan 0001 00:00:00 +0000</pubDate>
      
      <guid>/resources/lecture-6-introduction-to-binary-block-codes/data.json</guid>
      <description>Topics covered: Introduction to Binary Block Codes
Instructor: Prof. David Forney</description>
    </item>
    
    <item>
      <title>Lecture 7: Introduction to Finite Fields</title>
      <link>/resources/lecture-7-introduction-to-finite-fields/data.json</link>
      <pubDate>Mon, 01 Jan 0001 00:00:00 +0000</pubDate>
      
      <guid>/resources/lecture-7-introduction-to-finite-fields/data.json</guid>
      <description>Topics covered: Introduction to Finite Fields
Instructor: Prof. David Forney</description>
    </item>
    
    <item>
      <title>Lecture 8: Introduction to Finite Fields</title>
      <link>/resources/lecture-8-introduction-to-finite-fields/data.json</link>
      <pubDate>Mon, 01 Jan 0001 00:00:00 +0000</pubDate>
      
      <guid>/resources/lecture-8-introduction-to-finite-fields/data.json</guid>
      <description>Topics covered: Introduction to Finite Fields
Instructor: Prof. David Forney</description>
    </item>
    
    <item>
      <title>Lecture 9: Introduction to Finite Fields</title>
      <link>/resources/lecture-9-introduction-to-finite-fields/data.json</link>
      <pubDate>Mon, 01 Jan 0001 00:00:00 +0000</pubDate>
      
      <guid>/resources/lecture-9-introduction-to-finite-fields/data.json</guid>
      <description>Topics covered: Introduction to Finite Fields
Instructor: Prof. David Forney</description>
    </item>
    
    <item>
      <title>Video Lectures</title>
      <link>/video_galleries/video-lectures/data.json</link>
      <pubDate>Mon, 01 Jan 0001 00:00:00 +0000</pubDate>
      
      <guid>/video_galleries/video-lectures/data.json</guid>
      <description>The course notes are written by Prof. David Forney, and are organized by chapter. In addition to downloadable lecture notes, video files of each lecture are provided below.
Lecture 1: Introduction Sampling Theorem Lecture 2: Performance of Small Signal Constellations Lecture 3: Hard-decision and Soft-decision Decoding Lecture 4: Hard-decision and Soft-decision Decoding Lecture 5: Introduction to Binary Block Codes Lecture 6: Introduction to Binary Block Codes Lecture 7: Introduction to Finite Fields Lecture 8: Introduction to Finite Fields Lecture 9: Introduction to Finite Fields Lecture 10: Reed-Solomon Codes Lecture 11: Reed-Solomon Codes Lecture 12: Reed-Solomon Codes Lecture 13: Introduction to Convolutional Codes Lecture 14: Introduction to Convolutional Codes Lecture 15: Trellis Representations of Binary Linear Block Codes Lecture 16: Trellis Representations of Binary Linear Block Codes Lecture 17: Codes on Graphs Lecture 18: Codes on Graphs Lecture 19: The Sum-Product Algorithm Lecture 20: Turbo, LDPC, and RA Codes Lecture 21: Turbo, LDPC, and RA Codes Lecture 22: Lattice and Trellis Codes Lecture 23: Lattice and Trellis Codes Lecture 24: Linear Gaussian Channels Lecture 25: Linear Gaussian Channels </description>
    </item>
    
  </channel>
</rss>
