{
  "title":"Lecture 5: Introduction to Binary Block Codes",
  "description": "",
  "file": null,
  "learning_resource_types": ["Lecture Videos"],
  "resource_type": "Video",
  "file_type": null,
  "youtube_key":  "YPAbQU7NUZQ",
  "captions_file": "/courses/6-451-principles-of-digital-communication-ii-spring-2005/c7431aa76d2850a0b316e76c43b2a349_YPAbQU7NUZQ.vtt",
  "transcript_file": "/courses/6-451-principles-of-digital-communication-ii-spring-2005/ae35b1fe12361b4ff478fa5d61d917d6_YPAbQU7NUZQ.pdf",
  "thumbnail_file": "https://img.youtube.com/vi/YPAbQU7NUZQ/default.jpg",
  "archive_url": "https://archive.org/download/MIT6.451S05/5ocw-6.451_4-261-16feb2005-220k.mp4"}
