{
  "title":"Lecture 23: Lattice and Trellis Codes ",
  "description": "",
  "file": null,
  "learning_resource_types": ["Lecture Videos"],
  "resource_type": "Video",
  "file_type": null,
  "youtube_key":  "eyqoHN4-4jg",
  "captions_file": "/courses/6-451-principles-of-digital-communication-ii-spring-2005/b3f591dfb3255faea861303725c49eb6_eyqoHN4-4jg.vtt",
  "transcript_file": "/courses/6-451-principles-of-digital-communication-ii-spring-2005/f9a499f36ac6acd2b6c7e262499690c8_eyqoHN4-4jg.pdf",
  "thumbnail_file": "https://img.youtube.com/vi/eyqoHN4-4jg/default.jpg",
  "archive_url": "https://archive.org/download/MIT6.451S05/23ocw-6.451_4-261-04may2005-220k.mp4"}
