{
  "title":"Lecture 15: Linear Functionals",
  "description": "",
  "file": null,
  "learning_resource_types": ["Lecture Videos"],
  "resource_type": "Video",
  "file_type": null,
  "youtube_key":  "zB9aY8tzd74",
  "captions_file": "/courses/6-450-principles-of-digital-communications-i-fall-2006/1c1a67d61df659fd90448174e5eb0877_zB9aY8tzd74.vtt",
  "transcript_file": "/courses/6-450-principles-of-digital-communications-i-fall-2006/c253063a44467a4865ea0b083240290b_zB9aY8tzd74.pdf",
  "thumbnail_file": "https://img.youtube.com/vi/zB9aY8tzd74/default.jpg",
  "archive_url": "http://www.archive.org/download/MIT6.450F06_V2/ocw-6.450-f06-2003-11-03_300k.mp4"}
