{"07abdb99-79e1-a990-c36b-c2661c7645d7":"/resources/10/data.json","09a63e8f-6e51-bac2-b48b-b239cd62d6d0":"/resources/lecture-19-baseband-detection/data.json","0ae87363-deb5-a111-1cca-cf5cc82b2b53":"/resources/2dbwtcepzwg/data.json","0af7e744-db6d-7fc0-746b-f0eb41a8cef2":"/resources/18/data.json","0bf1924f-cb25-e0e4-f076-c4022e3b92c3":"/resources/zj56b-aern4/data.json","0c5864f3-0e6f-06c7-a342-d6b87b37fe27":"/resources/rei6tud0tsg/data.json","0d17e170-3188-361d-da07-587976f1cc07":"/resources/9/data.json","0ea9fe90-d7d4-fc2e-b762-4234cdc0055f":"/resources/wzuajmn9mf0/data.json","0efd470e-e876-05ae-3e19-f658dc8d7bad":"/resources/lecture-12-nyquist-theory/data.json","127979ae-5c42-b42f-61d8-fe92de2f1c30":"/video_galleries/video-lectures/data.json","130d5cc8-5ed3-5fd2-874e-d3f9c8d1cb99":"/resources/o8xojnapgc4-2/data.json","18effe9c-84c4-685a-0189-423922792ee1":"/resources/wzuajmn9mf0-1/data.json","197ff024-20ca-5ddb-88d6-b6c20318718c":"/resources/wzuajmn9mf0-2/data.json","1b8e8dda-eb73-289f-b01a-e24e838ed86d":"/resources/qu6nkb4xe7u/data.json","1b9b8aac-3d30-748d-2261-2aba72a39b5f":"/resources/3/data.json","1c1a67d6-1df6-59fd-9044-8174e5eb0877":"/resources/zb9ay8tzd74-2/data.json","1e8d60eb-6c0a-68cc-48e8-1af039fd4af6":"/resources/book_6/data.json","20c75182-bfd4-8606-1acf-d5b1f6b0304a":"/resources/1/data.json","20ebb624-47fa-8909-3724-acbb5d9116fc":"/resources/lecture-13-random-processes/data.json","21e4caf9-cc4f-1768-0edd-e6c42496e2e5":"/resources/lecture-4-entropy-and-asymptotic-equipartition-property/data.json","21f7d411-f783-ce30-cfa0-7f34613cf871":"/resources/6-450f06/data.json","25e88428-ba07-4973-57e6-8fbd33c58740":"/resources/kxff8m4ugdc/data.json","27066394-86e0-8c0c-0d51-bab6970b46bc":"/resources/5/data.json","283afebc-968c-9865-6232-999e22fa5517":"/resources/8pscxrfu2po-1/data.json","28af441c-dca1-9c14-f530-34a85fd47f19":"/resources/8/data.json","2b65eb86-3b32-2f3e-1077-210922162509":"/resources/cfl8blvke1e-1/data.json","2c67a3e5-fa69-10d3-7860-3d582c6efab8":"/resources/book_1/data.json","313f33ee-f6a6-504e-8873-67d5df0583e6":"/resources/kjr59tzz1ci-2/data.json","33033453-a22d-0374-544b-c0b08c2db591":"/resources/zkr2tt7x8uq/data.json","35729ae6-b904-cbcc-872e-b03088a5438a":"/resources/zkr2tt7x8uq-1/data.json","360d666d-bf18-1e5a-98ac-4aa3d954a71a":"/resources/lecture-5-markov-sources/data.json","384a4b4e-d24d-2bc3-1a5f-e35715de93ae":"/resources/6-450f06-th/data.json","3946a7ca-cc02-4e0e-13d6-059d52459446":"/resources/2/data.json","3952172b-18d2-82d6-7779-64bee86fef8d":"/resources/17/data.json","39ec6a0c-1de2-5cca-b23f-413a77a4cb24":"/resources/503wzjz8czs-2/data.json","3bfb10e1-fa5d-baa4-3fbb-6e06297612b8":"/resources/13/data.json","3d467fdc-5ca8-b724-e980-2994f260525c":"/resources/lecture-6-quantization/data.json","3d9cd936-92f8-1405-6f57-37f9343d8939":"/resources/zj56b-aern4-1/data.json","40b7f46c-3dad-30d1-da1c-a5e3d9c2ac0a":"/pages/lecture-notes/data.json","40b98fe2-e371-b47f-ac23-c784ff55083c":"/resources/o8xojnapgc4/data.json","410e95c8-caf7-5af5-86fd-36d45e859234":"/resources/cfl8blvke1e-2/data.json","46085f39-91f7-706f-58b7-53625e71c846":"/resources/qu6nkb4xe7u-1/data.json","46e90c5c-9af7-b1c5-0452-4d91cdd86ea7":"/resources/dsviy9e6pz0-1/data.json","472ac395-9cd5-2a04-103a-bba2e33bf1be":"/resources/4tvgsw4skdk-1/data.json","49163236-e207-79ba-e416-39ff9dec1ac4":"/resources/book_7/data.json","4a1b0621-7f61-211e-0327-4a334fd6075d":"/resources/quiz1_06/data.json","507a7a12-5b35-e655-906a-c4c3061c99fc":"/resources/lecture-24-case-study-on-code-division-multiple-access/data.json","50cc100c-0a58-6ce7-92a9-b4f55e093d5f":"/resources/lecture-17-detection-for-random-vectors-and-processes/data.json","53efd99d-c2b6-fefb-c1e1-fefb9ff846e9":"/resources/okltt7f9hg-1/data.json","541f139f-69d7-03f4-0190-55fd7bdf1ed2":"/resources/quiz1_04/data.json","5649938d-a62d-5dbf-b3fd-d43234c8131c":"/resources/okltt7f9hg-2/data.json","578ae4d9-4743-54c4-87de-695374135479":"/resources/vulw9qgxbh0-2/data.json","58fb68f6-f782-8608-1656-9da029ae807d":"/resources/pmd2zmcvmbi-1/data.json","5b408f85-081d-ab5a-0684-b1631b3ab3e9":"/resources/lecture-21-doppler-spread/data.json","5ba17cac-17dc-caad-6a7a-3c495c8a8482":"/resources/lecture-20-introduction-of-wireless-communication/data.json","5ccd2637-95cb-56bb-936b-b934d4ec9284":"/resources/zkr2tt7x8uq-2/data.json","5e18e8b1-1c9c-419e-0c2c-c6fb57b7b478":"/resources/7/data.json","5f9666b5-e49c-d753-06f0-c6006f101e75":"/resources/skw0oxoau0m-1/data.json","5fbfe88f-9720-4f92-5fc1-afabdbff67c2":"/resources/vulw9qgxbh0/data.json","5fd6b5c8-39a7-6dd0-c52d-8480c3dad224":"/resources/book_2/data.json","608f763c-a2d0-299a-1db1-13030497d901":"/resources/quiz1_03/data.json","6155fc2f-0056-b32c-9d47-2623377ed07a":"/resources/12/data.json","6267e8ce-3ca8-51d8-a6c5-915ddf21cf24":"/resources/ign5jqsh8w4-2/data.json","62694438-17f2-1f3a-3251-3da5c7ad58cb":"/resources/21/data.json","6581791f-6613-ee83-b3d5-e71c5a60a719":"/resources/cfl8blvke1e/data.json","68513d01-3ea2-ed06-ee36-ac24b8c4b80e":"/resources/14/data.json","69609f2c-c5ad-c1cd-b77b-7c514c6a8de1":"/resources/lecture-7-high-rate-quantizers-and-waveform-encoding/data.json","6de470a3-35d1-089e-ee67-bccc772ef108":"/resources/zb9ay8tzd74/data.json","6fac5a6f-ca40-919c-a8a0-17f400a24c5d":"/resources/ign5jqsh8w4/data.json","70461f71-51a0-80f3-60bc-4f76375fe746":"/pages/syllabus/data.json","72099309-a4b0-7886-b368-f6a9cf2929bf":"/resources/quiz1_06_soln/data.json","720e53f9-a645-2b78-d518-c9c4d6278e01":"/resources/quiz2_06/data.json","74da6c0a-976b-a556-53a2-2461592e5218":"/resources/23/data.json","7a2e58a3-def2-5a1f-a4df-75a2be1a8250":"/resources/pmd2zmcvmbi-2/data.json","7b722bd1-8d55-a2a6-8df7-058c25058817":"/resources/lecture-16-review-introduction-to-detection/data.json","83f24fee-bc75-9e5e-eabe-b0390f453701":"/resources/kxff8m4ugdc-1/data.json","853c31a5-60c4-caf6-3678-9f58718f5c31":"/resources/8pscxrfu2po/data.json","8769b8a2-abbd-f00e-c6c8-835c55d13535":"/resources/kjr59tzz1ci-1/data.json","8941ed98-ad20-c525-3819-2255c461a63d":"/resources/lecture-8-measure/data.json","8bceaa76-7918-5ec0-abca-ba703b7ce6b5":"/resources/pqdvhvw19vi-2/data.json","8c0b8dbb-ab2b-5a70-9abc-5569eeca3145":"/resources/4tvgsw4skdk-2/data.json","8c36e80d-28ab-2e46-155e-d299500f0f2e":"/resources/vulw9qgxbh0-1/data.json","8d346af9-185c-8a3b-c376-fc0734cd090e":"/resources/lecture-1-introduction/data.json","90bcfef4-0894-c3a1-7214-902ff29c3d98":"/resources/book_5/data.json","926689aa-a62a-0315-473f-a9b982de1b07":"/resources/book_3/data.json","95412d77-24e8-f22c-dc08-85fc1498c4bd":"/resources/pmd2zmcvmbi/data.json","95a1a995-a4aa-5dc5-8fc9-860b01f2be5c":"/resources/kxff8m4ugdc-2/data.json","96d6436b-6aa8-7469-4e32-fa8e5fb43932":"/resources/11/data.json","99ddbf2a-3519-6de9-ab94-8bb9e412d386":"/resources/lecture-14-jointly-gaussian-random-vectors/data.json","9a36d503-294e-6758-cbef-01ef7819c1c1":"/resources/qstzw4n4sx8-1/data.json","9b6ffe56-522e-d2ad-f1c9-e6744b3ec201":"/resources/lecture-3-memory-less-sources/data.json","9cc414e0-16b3-57db-bfe9-38ee515ade78":"/resources/qstzw4n4sx8-2/data.json","9dc6d0a6-1db3-8eec-89d1-2b38ebe50a36":"/resources/503wzjz8czs-1/data.json","a0a1d2b4-0d0f-db79-b704-ce35a994e9f4":"/resources/lecture-22-discrete-time-baseband-models-for-wireless-channels/data.json","a18af18f-fcc6-a76f-f91e-b9f2f7a45dba":"/resources/4tvgsw4skdk/data.json","a290948d-6524-ba59-832c-440efc0e51da":"/resources/dnqruabpusc-1/data.json","aac4b9d5-c1f9-561b-a2d7-fd7a9e35c0f4":"/resources/zj56b-aern4-2/data.json","ae0c1113-34b5-9a98-e789-f2a53ef6cd5c":"/resources/lecture-18-theory-of-irrelevance/data.json","ae4681d9-8ec4-1e44-3e3e-f47556106769":"/pages/exams/data.json","ae82af84-ef15-cc02-3db1-836166bf0fdc":"/resources/lecture-9-discrete-time-fourier-transforms/data.json","b0c74fb6-f61f-575e-aace-7c4487e44f82":"/resources/20/data.json","b18c4f7f-b015-5bf4-be99-749d0c579803":"/resources/skw0oxoau0m-2/data.json","b1c6f2e7-e28e-b356-a9b2-6014b53ac5e8":"/resources/pqdvhvw19vi/data.json","b261d093-9990-774c-597b-f5fde3341a68":"/resources/bibliography/data.json","b4b10775-bc55-998e-4ddf-155d4b23f2c7":"/resources/dnqruabpusc/data.json","b58126c4-b99e-33ea-e86d-ac60e3f35299":"/resources/24/data.json","b6fcc3dc-6ca9-a320-4241-2bc7f723c407":"/resources/skw0oxoau0m/data.json","b703acb7-8285-fbdb-b02b-aa9e5dad7de7":"/resources/dsviy9e6pz0/data.json","b801ff84-a54b-0744-75b8-e250ff2665b9":"/resources/lecture-10-degrees-of-freedom/data.json","b972d52c-52f8-aaa2-17fe-d84ad7564b75":"/resources/pqdvhvw19vi-1/data.json","bcf5b7f3-2386-7726-1966-63b565cd065d":"/resources/qstzw4n4sx8/data.json","be824384-4359-9776-4607-13d8a66d2b6c":"/resources/2dbwtcepzwg-1/data.json","c253063a-4446-7a48-65ea-0b083240290b":"/resources/zb9ay8tzd74-1/data.json","c514a1f6-39e1-f8ca-749a-18ddd3f5b629":"/resources/503wzjz8czs/data.json","c59828b4-e470-fd50-daf3-1f0f7251456c":"/resources/quiz1_04_soln/data.json","c8ae486c-884c-8d28-eda1-030d98508c2c":"/resources/22/data.json","cbfd6538-586c-71a8-95a9-24b719cf8c72":"/resources/ign5jqsh8w4-1/data.json","ccbc72ef-e847-6ad1-5c2b-02040e916742":"/resources/lecture-2-discrete-source-encoding/data.json","cf63c215-5ed2-cf44-8ecc-3380af7d4214":"/resources/15/data.json","d2cdc61a-f15e-9cf4-926a-b71646bd3b18":"/resources/okltt7f9hg/data.json","d37dcbe8-a568-d2df-e0b2-20b527366f59":"/resources/rei6tud0tsg-1/data.json","d3ee80cc-b4e7-d2ef-eee9-cb85a3ec36e6":"/resources/lecture-15-linear-functionals/data.json","d49d734a-5864-4bde-c600-4b6e13576809":"/resources/quiz1_01_soln/data.json","d532a0d9-4bb4-585a-0c34-2149b4c04ad7":"/resources/o8xojnapgc4-1/data.json","d702e3dc-1111-be9a-ecf7-4c2ca711d934":"/resources/book_4/data.json","d8844c07-b882-6832-d72e-794de3d082ee":"/resources/4/data.json","d9483fe6-c496-1ac0-1120-e26391ef5782":"/resources/kjr59tzz1ci/data.json","dc0f8087-c115-18df-60fa-5ec2b1a30670":"/resources/7qq1jyj2km/data.json","de219639-bd8b-a5bd-405c-bdf3e7e97201":"/resources/ps4/data.json","de2fda58-d9d2-f1df-9bca-5c3cab138400":"/resources/lecture-11-signal-space/data.json","df9dead1-e6df-2786-ec07-5e250a4091d5":"/resources/quiz1_03_soln/data.json","dfa66102-9fc3-8871-3bc0-576d6d63dcd0":"/resources/quiz1_01/data.json","e0327c60-2178-c055-a898-4c1f0a148bd7":"/resources/lecture-23-detection-for-flat-rayleigh-fading-and-incoherent-channels/data.json","e98ec116-bb4d-0e83-916b-2f92861e48e5":"/resources/front_matter/data.json","eac97e35-e25a-606a-d40b-5743ad9811e0":"/resources/6/data.json","eb263b8a-1f26-50ac-bc1c-707d136ac5d0":"/resources/rei6tud0tsg-2/data.json","ef436c2f-dc05-566a-ae2d-116f279778a7":"/resources/7qq1jyj2km-2/data.json","f0a8cc55-efc1-c2a7-e0c9-d4eab4d3d941":"/resources/19/data.json","f3066c6c-5459-5c23-a766-1ea174898634":"/resources/2dbwtcepzwg-2/data.json","f4adede8-ffd5-5d89-afda-a209fc28beb9":"/resources/dnqruabpusc-2/data.json","f5addb49-40ff-577c-a660-e77d0b0a1ce2":"/resources/8pscxrfu2po-2/data.json","f62973ff-3990-1179-ca72-56063de09472":"/resources/16/data.json","f6c75b42-7b02-2503-f5c6-05db7de4d46f":"/resources/book_8/data.json","f8c1eeec-f64e-4d96-4ef0-60cbae6ffe6f":"/resources/7qq1jyj2km-1/data.json","f8ed1cb4-abc0-b50d-10c0-e5974c1875ce":"/resources/book_9/data.json","f938442b-e8e1-50a1-a131-c4eee1c3547c":"/resources/dsviy9e6pz0-2/data.json","fa48adb4-a651-aa53-c0ef-f8cba6e05b04":"/pages/assignments/data.json","fddf9f0d-9324-3be0-e6f3-2e22a98c7525":"/resources/quiz2_06_soln/data.json","ffb8e412-b4a7-5a98-8f76-d9874bbc3d69":"/resources/qu6nkb4xe7u-2/data.json"}