{
  "course_title":"Principles of Digital Communications I",
  "course_description":"The course serves as an introduction to the theory and practice behind many of today's communications systems. 6.450 forms the first of a two-course sequence on digital communication. The second class, 6.451, is offered in the spring.\n\nTopics covered include: digital communications at the block diagram level, data compression, Lempel-Ziv algorithm, scalar and vector quantization, sampling and aliasing, the Nyquist criterion, PAM and QAM modulation, signal constellations, finite-energy waveform spaces, detection, and modeling and system design for wireless communication.\n",
  "site_uid":"3494981a-2ccd-4813-bb8b-70bbf608eedb",
  "legacy_uid":"643c9616-9278-f12c-1c2d-9b7b54b0c607","instructors": [{
    "first_name":"Lizhong",
    "last_name":"Zheng",
    "middle_initial":"",
    "salutation":"Prof.",
    "title":"Prof. Lizhong Zheng"},{
    "first_name":"Robert",
    "last_name":"Gallager",
    "middle_initial":"",
    "salutation":"Prof.",
    "title":"Prof. Robert Gallager"}],"department_numbers":["6"],
  "learning_resource_types":["Lecture Videos","Problem Sets","Exams with Solutions","Lecture Notes"],
  "topics":[["Engineering","Electrical Engineering","Digital Systems"],["Engineering","Electrical Engineering","Telecommunications"]],
  "primary_course_number":"6.450",
  "extra_course_numbers":"",
  "term":"Fall",
  "year":"2006",
  "level":["Graduate"],
  "image_src":"./static_resources/21f7d411f783ce30cfa07f34613cf871_6-450f06.jpg",
  "course_image_metadata":{"content_type":"resource","description":"Wireless digital communications. (Image by MIT OCW.)","draft":false,"file":"/courses/6-450-principles-of-digital-communications-i-fall-2006/21f7d411f783ce30cfa07f34613cf871_6-450f06.jpg","file_type":"image/jpeg","image_metadata":{"caption":"Wireless digital communications. (Image by MIT OpenCourseWare.)","credit":"","image-alt":"Figure showing an antenna and a receiving device."},"iscjklanguage":false,"learning_resource_types":[],"license":"https://creativecommons.org/licenses/by-nc-sa/4.0/","ocw_type":"OCWImage","resourcetype":"Image","title":"6-450f06.jpg","uid":"21f7d411-f783-ce30-cfa0-7f34613cf871"}}

