{
  "title":"Lecture 16: Trellis Representations of Binary Linear Block Codes",
  "description": "",
  "file": null,
  "learning_resource_types": ["Lecture Videos"],
  "resource_type": "Video",
  "file_type": null,
  "youtube_key":  "YegKLHb9TOU",
  "captions_file": "/courses/6-451-principles-of-digital-communication-ii-spring-2005/c5213bce9efe5cf1b2fbe74641f44625_YegKLHb9TOU.vtt",
  "transcript_file": "/courses/6-451-principles-of-digital-communication-ii-spring-2005/178193a41c4ca1a94a8a14d5071bb71e_YegKLHb9TOU.pdf",
  "thumbnail_file": "https://img.youtube.com/vi/YegKLHb9TOU/default.jpg",
  "archive_url": "https://archive.org/download/MIT6.451S05/16ocw-6.451_4-261-06apr2005-220k.mp4"}
