{
  "title":"ps9.pdf",
  "description": "This file contains 5 problems on BCJR (sum-product) decoding of SPC codes, iterative decoding on the BEC, simulation of LDPC decoding on a BEC, iterative decoding threshold, stability condition, and sum-product update rule for zero-sum nodes.",
  "file": "/courses/6-451-principles-of-digital-communication-ii-spring-2005/81263d3a8c394108cb1e4be5b0b68cb0_ps9.pdf",
  "learning_resource_types": ["Assignments"],
  "resource_type": "Document",
  "file_type": "application/pdf"}
