{
  "title":"Lecture 21: Turbo, LDPC, and RA Codes ",
  "description": "",
  "file": null,
  "learning_resource_types": ["Lecture Videos"],
  "resource_type": "Video",
  "file_type": null,
  "youtube_key":  "4HtXKIbiOvI",
  "captions_file": "/courses/6-451-principles-of-digital-communication-ii-spring-2005/a4dbf0718fe05c12b86e4453cba5093c_4HtXKIbiOvI.vtt",
  "transcript_file": "/courses/6-451-principles-of-digital-communication-ii-spring-2005/11df17cda2189cb54de7213ad1c6fcd4_4HtXKIbiOvI.pdf",
  "thumbnail_file": "https://img.youtube.com/vi/4HtXKIbiOvI/default.jpg",
  "archive_url": "https://archive.org/download/MIT6.451S05/21ocw-6.451_4-261-27apr2005-220k.mp4"}
