{
  "title":"Lecture 23: Detection for Flat Rayleigh Fading and Incoherent Channels",
  "description": "",
  "file": null,
  "learning_resource_types": ["Lecture Videos"],
  "resource_type": "Video",
  "file_type": null,
  "youtube_key":  "pQDVHvW19vI",
  "captions_file": "/courses/6-450-principles-of-digital-communications-i-fall-2006/8bceaa7679185ec0abcaba703b7ce6b5_pQDVHvW19vI.vtt",
  "transcript_file": "/courses/6-450-principles-of-digital-communications-i-fall-2006/b972d52c52f8aaa217fed84ad7564b75_pQDVHvW19vI.pdf",
  "thumbnail_file": "https://img.youtube.com/vi/pQDVHvW19vI/default.jpg",
  "archive_url": "http://www.archive.org/download/MIT6.450F06_V2/ocw-6.450-f06-2003-12-08_300k.mp4"}
