<?xml version="1.0" encoding="utf-8" standalone="yes"?>
<rss version="2.0" xmlns:atom="http://www.w3.org/2005/Atom">
  <channel>
    <title>Assignments on MIT OpenCourseWare</title>
    <link>/resources/assignments/</link>
    <description>Recent content in Assignments on MIT OpenCourseWare</description>
    <generator>Hugo -- gohugo.io</generator>
    <language>en-us</language><atom:link href="/resources/assignments/index.xml" rel="self" type="application/rss+xml" />
    <item>
      <title>Assignments</title>
      <link>/pages/assignments/data.json</link>
      <pubDate>Mon, 01 Jan 0001 00:00:00 +0000</pubDate>
      
      <guid>/pages/assignments/data.json</guid>
      <description> Problem Set 1 (PDF) Problem Set 2 (PDF) </description>
    </item>
    
    <item>
      <title>ps1.pdf</title>
      <link>/resources/ps1/data.json</link>
      <pubDate>Mon, 01 Jan 0001 00:00:00 +0000</pubDate>
      
      <guid>/resources/ps1/data.json</guid>
      <description>This problem set includes instruction and problems on linear algebra review, probability review, combinatorics exercise, and an application of codes.</description>
    </item>
    
    <item>
      <title>ps2.pdf</title>
      <link>/resources/ps2/data.json</link>
      <pubDate>Mon, 01 Jan 0001 00:00:00 +0000</pubDate>
      
      <guid>/resources/ps2/data.json</guid>
      <description>This resource includes instructions and problems on shannon capacity, shannon vs. hamming, many proofs of the Gilbert-Varshamov bound, and food for thought.</description>
    </item>
    
  </channel>
</rss>
