{
  "title":"Lecture 6: Quantization",
  "description": "",
  "file": null,
  "learning_resource_types": ["Lecture Videos"],
  "resource_type": "Video",
  "file_type": null,
  "youtube_key":  "rei6tud0Tsg",
  "captions_file": "/courses/6-450-principles-of-digital-communications-i-fall-2006/eb263b8a1f2650acbc1c707d136ac5d0_rei6tud0Tsg.vtt",
  "transcript_file": "/courses/6-450-principles-of-digital-communications-i-fall-2006/d37dcbe8a568d2dfe0b220b527366f59_rei6tud0Tsg.pdf",
  "thumbnail_file": "https://img.youtube.com/vi/rei6tud0Tsg/default.jpg",
  "archive_url": "http://www.archive.org/download/MIT6.450F06_V2/ocw-6.450-f06-2003-09-24_300k.mp4"}
