{
  "title":"final03.pdf",
  "description": "This resource gives the instructions on how to take the closed book exam, it also gives the breakup of marks for each problem and its parts. It cotains three problems on: coded modulation schemes based on a one-to-one mapping, the (16, 7, 6) binary linear block code C generated by the generator matrix and various propositions and proof for it.",
  "file": "/courses/6-451-principles-of-digital-communication-ii-spring-2005/072b278828c13d55ce164af1d98da21b_final03.pdf",
  "learning_resource_types": ["Exams"],
  "resource_type": "Document",
  "file_type": "application/pdf"}
