{
  "title":"ps9solns.pdf",
  "description": "This file contains solutions for problems on BCJR (sum-product) decoding of SPC codes, iterative decoding on the BEC, simulation of LDPC decoding on a BEC, iterative decoding threshold, stability condition, and sum-product update rule for zero-sum nodes.",
  "file": "/courses/6-451-principles-of-digital-communication-ii-spring-2005/cc89c697c7e1d55dbc9098c1685a7298_ps9solns.pdf",
  "learning_resource_types": ["Assignments"],
  "resource_type": "Document",
  "file_type": "application/pdf"}
