{
  "title":"Lecture 11: Reed-Solomon Codes",
  "description": "",
  "file": null,
  "learning_resource_types": ["Lecture Videos"],
  "resource_type": "Video",
  "file_type": null,
  "youtube_key":  "mnkTn0Y6GsU",
  "captions_file": "/courses/6-451-principles-of-digital-communication-ii-spring-2005/3842f83d45775121ab338bba11ae6660_mnkTn0Y6GsU.vtt",
  "transcript_file": "/courses/6-451-principles-of-digital-communication-ii-spring-2005/2717629c83d90e1d8a89c7949fd33e73_mnkTn0Y6GsU.pdf",
  "thumbnail_file": "https://img.youtube.com/vi/mnkTn0Y6GsU/default.jpg",
  "archive_url": "https://archive.org/download/MIT6.451S05/11ocw-6.451_4-261-09mar2005-220k.mp4"}
