{
  "title":"chap9.pdf",
  "description": "This resource provides notes on linear time-invariant systems over finite fields, Rate-1/n binary linear convolutional codes, terminated convolutional codes, maximum likelihood sequence detection: The VA,and  performance analysis of convolutional codes.",
  "file": "/courses/6-451-principles-of-digital-communication-ii-spring-2005/43162a4e10d73639903282f4dd58001b_chap9.pdf",
  "learning_resource_types": ["Lecture Videos"],
  "resource_type": "Document",
  "file_type": "application/pdf"}
