<?xml version="1.0" encoding="utf-8" standalone="yes"?>
<rss version="2.0" xmlns:atom="http://www.w3.org/2005/Atom">
  <channel>
    <title>Lecture Notes on MIT OpenCourseWare</title>
    <link>/resources/lecture-notes/</link>
    <description>Recent content in Lecture Notes on MIT OpenCourseWare</description>
    <generator>Hugo -- gohugo.io</generator>
    <language>en-us</language><atom:link href="/resources/lecture-notes/index.xml" rel="self" type="application/rss+xml" />
    <item>
      <title>lect01.pdf</title>
      <link>/resources/lect01/data.json</link>
      <pubDate>Mon, 01 Jan 0001 00:00:00 +0000</pubDate>
      
      <guid>/resources/lect01/data.json</guid>
      <description>This resource gives you an overview of?class. It provides information on Deoding; Theoretical?Bounds: Definitions, and Hamming?Bound; Themes and; Appendix?on?Algebra.</description>
    </item>
    
    <item>
      <title>lect01slx4.pdf</title>
      <link>/resources/lect01slx4/data.json</link>
      <pubDate>Mon, 01 Jan 0001 00:00:00 +0000</pubDate>
      
      <guid>/resources/lect01slx4/data.json</guid>
      <description>This resource gives an overview and talks about hamming space, distance, code and applications.</description>
    </item>
    
    <item>
      <title>lect02.pdf</title>
      <link>/resources/lect02/data.json</link>
      <pubDate>Mon, 01 Jan 0001 00:00:00 +0000</pubDate>
      
      <guid>/resources/lect02/data.json</guid>
      <description>Introduction to Shannon?s coding theorem.</description>
    </item>
    
    <item>
      <title>lect02slx4.pdf</title>
      <link>/resources/lect02slx4/data.json</link>
      <pubDate>Mon, 01 Jan 0001 00:00:00 +0000</pubDate>
      
      <guid>/resources/lect02slx4/data.json</guid>
      <description>Topics covevred in this lecture are Mathematical/Probabilistic Model of Communication, Defnitions of Information, Entropy, Randomness, Noiseless Channel &amp;amp; Coding Theore, Converses, and Algorithmic challenges.</description>
    </item>
    
    <item>
      <title>lect03.pdf</title>
      <link>/resources/lect03/data.json</link>
      <pubDate>Mon, 01 Jan 0001 00:00:00 +0000</pubDate>
      
      <guid>/resources/lect03/data.json</guid>
      <description>Topics covered in this lecture are: Converse coding theorem; Shannon vs. Hamming theories; Goals for the rest of the course and; Tools we use in this course.</description>
    </item>
    
    <item>
      <title>lect03slx4pdf.pdf</title>
      <link>/resources/lect03slx4pdf/data.json</link>
      <pubDate>Mon, 01 Jan 0001 00:00:00 +0000</pubDate>
      
      <guid>/resources/lect03slx4pdf/data.json</guid>
      <description>This resource includes more information on Shannon?s theory i.e. Proof of converse, Few words on generality, Contrast with Hamming theory. It talks about back to error-correcting codes: goals and tools like Probability theory, Algebra: Finite fields, Linear spaces.</description>
    </item>
    
    <item>
      <title>lect04.pdf</title>
      <link>/resources/lect04/data.json</link>
      <pubDate>Mon, 01 Jan 0001 00:00:00 +0000</pubDate>
      
      <guid>/resources/lect04/data.json</guid>
      <description>This lecture allows us to examine the asymptotic performance of codes, prove some simple negative results concerning the parameters of codes, and analyze random and greedy codes.</description>
    </item>
    
    <item>
      <title>lect04slx4.pdf</title>
      <link>/resources/lect04slx4/data.json</link>
      <pubDate>Mon, 01 Jan 0001 00:00:00 +0000</pubDate>
      
      <guid>/resources/lect04slx4/data.json</guid>
      <description>Topics covered in this resource are asymptotically good codes, Random/Greedy codes, some impossibility results.</description>
    </item>
    
    <item>
      <title>lect05.pdf</title>
      <link>/resources/lect05/data.json</link>
      <pubDate>Mon, 01 Jan 0001 00:00:00 +0000</pubDate>
      
      <guid>/resources/lect05/data.json</guid>
      <description>This lecture offers material to study combinatorial properties of several algebraic codes.</description>
    </item>
    
    <item>
      <title>lect05slx4.pdf</title>
      <link>/resources/lect05slx4/data.json</link>
      <pubDate>Mon, 01 Jan 0001 00:00:00 +0000</pubDate>
      
      <guid>/resources/lect05slx4/data.json</guid>
      <description>This resource covers algebraic codes Reed-Solomon codes, Reed-Muller codes, Hadamard codes as a special case, and the Plotkin Bound.</description>
    </item>
    
    <item>
      <title>lect06.pdf</title>
      <link>/resources/lect06/data.json</link>
      <pubDate>Mon, 01 Jan 0001 00:00:00 +0000</pubDate>
      
      <guid>/resources/lect06/data.json</guid>
      <description>This lecture allows to examine some topics of decoding codes.</description>
    </item>
    
    <item>
      <title>lect07.pdf</title>
      <link>/resources/lect07/data.json</link>
      <pubDate>Mon, 01 Jan 0001 00:00:00 +0000</pubDate>
      
      <guid>/resources/lect07/data.json</guid>
      <description>Topics covered in this resource are: Generalize the Welch Berlekamp decoding algorithm for other linear codes, Impossibility Bound for error correction, Introduction to list decoding.</description>
    </item>
    
    <item>
      <title>lect08.pdf</title>
      <link>/resources/lect08/data.json</link>
      <pubDate>Mon, 01 Jan 0001 00:00:00 +0000</pubDate>
      
      <guid>/resources/lect08/data.json</guid>
      <description>In this lecture we will cover List Decoding of Reed-Solomon Codes.</description>
    </item>
    
    <item>
      <title>lect09.pdf</title>
      <link>/resources/lect09/data.json</link>
      <pubDate>Mon, 01 Jan 0001 00:00:00 +0000</pubDate>
      
      <guid>/resources/lect09/data.json</guid>
      <description>The topics covered in this resource are Binary Codes: Concatenation and Algorithmic Issues.</description>
    </item>
    
    <item>
      <title>lect10.pdf</title>
      <link>/resources/lect10/data.json</link>
      <pubDate>Mon, 01 Jan 0001 00:00:00 +0000</pubDate>
      
      <guid>/resources/lect10/data.json</guid>
      <description>An overview on how to relate Shannon?s capacity to coding and decoding algorithms.</description>
    </item>
    
    <item>
      <title>lect11.pdf</title>
      <link>/resources/lect11/data.json</link>
      <pubDate>Mon, 01 Jan 0001 00:00:00 +0000</pubDate>
      
      <guid>/resources/lect11/data.json</guid>
      <description>This lecture focuses on comparisons of the following properties/parameters of a code: List decoding, vs distance; Distance, vs rate; List decoding, vs rate.</description>
    </item>
    
    <item>
      <title>lect12.pdf</title>
      <link>/resources/lect12/data.json</link>
      <pubDate>Mon, 01 Jan 0001 00:00:00 +0000</pubDate>
      
      <guid>/resources/lect12/data.json</guid>
      <description>This lecture talks about achieving good rates with list-decodable codes nonconstructively. And it also talks about trying to achieve these rates constructively, and briefly discuss algebraic geometry codes.</description>
    </item>
    
    <item>
      <title>lect13.pdf</title>
      <link>/resources/lect13/data.json</link>
      <pubDate>Mon, 01 Jan 0001 00:00:00 +0000</pubDate>
      
      <guid>/resources/lect13/data.json</guid>
      <description>This lecture describes informally, a family of codes that achieve better-than-random performance.</description>
    </item>
    
    <item>
      <title>lect14.pdf</title>
      <link>/resources/lect14/data.json</link>
      <pubDate>Mon, 01 Jan 0001 00:00:00 +0000</pubDate>
      
      <guid>/resources/lect14/data.json</guid>
      <description>This lecture gives an overview on a new family of codes, based on expander graphs, that gives us ?good? rate and relative distance, and linear time decoding algorithms.</description>
    </item>
    
    <item>
      <title>lect15.pdf</title>
      <link>/resources/lect15/data.json</link>
      <pubDate>Mon, 01 Jan 0001 00:00:00 +0000</pubDate>
      
      <guid>/resources/lect15/data.json</guid>
      <description>Topics covered in this resource are tanner products and Sipser-Spielman codes; linear time encodable &amp;amp; decodable codes; and decoding in linear time (data structure exercise).</description>
    </item>
    
    <item>
      <title>lect16.pdf</title>
      <link>/resources/lect16/data.json</link>
      <pubDate>Mon, 01 Jan 0001 00:00:00 +0000</pubDate>
      
      <guid>/resources/lect16/data.json</guid>
      <description>Topics covered in this lecture are spielman codes + decoding; correcting random error in linear time; and expander Codes (Type II).</description>
    </item>
    
    <item>
      <title>lect17.pdf</title>
      <link>/resources/lect17/data.json</link>
      <pubDate>Mon, 01 Jan 0001 00:00:00 +0000</pubDate>
      
      <guid>/resources/lect17/data.json</guid>
      <description>An overview on the Alon et al [ABNNR] code construction and present a generalization due to Alon, Edmonds, and Luby [AEL].</description>
    </item>
    
    <item>
      <title>lect18.pdf</title>
      <link>/resources/lect18/data.json</link>
      <pubDate>Mon, 01 Jan 0001 00:00:00 +0000</pubDate>
      
      <guid>/resources/lect18/data.json</guid>
      <description>This lecture introduces and examines some topics of Pseudo-randomness and some applications of coding theory.</description>
    </item>
    
    <item>
      <title>lect19.pdf</title>
      <link>/resources/lect19/data.json</link>
      <pubDate>Mon, 01 Jan 0001 00:00:00 +0000</pubDate>
      
      <guid>/resources/lect19/data.json</guid>
      <description>An overview on extractors and extractors vs codes.</description>
    </item>
    
    <item>
      <title>lect21.pdf</title>
      <link>/resources/lect21/data.json</link>
      <pubDate>Mon, 01 Jan 0001 00:00:00 +0000</pubDate>
      
      <guid>/resources/lect21/data.json</guid>
      <description>Topics covered in this resource are: Trevisan?s Extractor and The Ta-Shma, Zuckerman, Safra extractor.</description>
    </item>
    
    <item>
      <title>lect22.pdf</title>
      <link>/resources/lect22/data.json</link>
      <pubDate>Mon, 01 Jan 0001 00:00:00 +0000</pubDate>
      
      <guid>/resources/lect22/data.json</guid>
      <description>This resource covers the following topics:
TaShma-Zuckerman-Safra extractor Guruswami?s List Decodable codes Capalbo-Reingold-Vadhan-Wigderson Zig-zag product for expanders with good vertex expansion and Locally Testable and Decodable Codes </description>
    </item>
    
    <item>
      <title>lect23.pdf</title>
      <link>/resources/lect23/data.json</link>
      <pubDate>Mon, 01 Jan 0001 00:00:00 +0000</pubDate>
      
      <guid>/resources/lect23/data.json</guid>
      <description>An examination of the zig-zag product introduced by Reingold, Vadhan, and Wigderson [2] and Capalbo, Reingold, Vadhan, and Wigderson [1].</description>
    </item>
    
    <item>
      <title>Lecture Notes</title>
      <link>/pages/lecture-notes/data.json</link>
      <pubDate>Mon, 01 Jan 0001 00:00:00 +0000</pubDate>
      
      <guid>/pages/lecture-notes/data.json</guid>
      <description>This section contains a set of lecture notes and scribe notes for each lecture. Scribe notes are latex transcriptions by students as part of class work. Scribe notes are used with permission of the students named.
lec # TOPICS Scribe notes 1 Lecture 1 (PDF)
Introduction
Hamming Space, Distance, Code
Applications
Piotr Mitros (PDF) 2 Lecture 2 (PDF)
Shannon&amp;rsquo;s Theory of Information
The Coding Theorem
Its Converse
Joungkeun Lim (PDF) 3 Lecture 3 (PDF)</description>
    </item>
    
  </channel>
</rss>
