<?xml version="1.0" encoding="utf-8" standalone="yes"?>
<rss version="2.0" xmlns:atom="http://www.w3.org/2005/Atom">
  <channel>
    <title>Assignments on MIT OpenCourseWare</title>
    <link>/resources/assignments/</link>
    <description>Recent content in Assignments on MIT OpenCourseWare</description>
    <generator>Hugo -- gohugo.io</generator>
    <language>en-us</language><atom:link href="/resources/assignments/index.xml" rel="self" type="application/rss+xml" />
    <item>
      <title>Assignments</title>
      <link>/pages/assignments/data.json</link>
      <pubDate>Mon, 01 Jan 0001 00:00:00 +0000</pubDate>
      
      <guid>/pages/assignments/data.json</guid>
      <description> Assignments Solutions Problem Set 1 (PDF) (PDF) Problem Set 2 (PDF) (PDF) Problem Set 3 (PDF) (PDF) Problem Set 4 (PDF) (PDF) Problem Set 5 (PDF) (PDF) Problem Set 6 (PDF) (PDF) Problem Set 7 (PDF) (PDF) Problem Set 8 (PDF) (PDF) Problem Set 9 (PDF) (PDF) Problem Set 10 (PDF) (PDF) </description>
    </item>
    
    <item>
      <title>midterm005.pdf</title>
      <link>/resources/midterm005/data.json</link>
      <pubDate>Mon, 01 Jan 0001 00:00:00 +0000</pubDate>
      
      <guid>/resources/midterm005/data.json</guid>
      <description></description>
    </item>
    
    <item>
      <title>ps1.pdf</title>
      <link>/resources/ps1/data.json</link>
      <pubDate>Mon, 01 Jan 0001 00:00:00 +0000</pubDate>
      
      <guid>/resources/ps1/data.json</guid>
      <description>This file contains 4 problems on compound interest and dB, biorthogonal codes, 16-QAM signal sets, and shaping gain of spherical signal sets.</description>
    </item>
    
    <item>
      <title>ps10.pdf</title>
      <link>/resources/ps10/data.json</link>
      <pubDate>Mon, 01 Jan 0001 00:00:00 +0000</pubDate>
      
      <guid>/resources/ps10/data.json</guid>
      <description>This file contains 3 problems on mod-2 lattices and trellis codes, invariance of nominal coding gain, invariance of normalized second moment.</description>
    </item>
    
    <item>
      <title>ps10solns.pdf</title>
      <link>/resources/ps10solns/data.json</link>
      <pubDate>Mon, 01 Jan 0001 00:00:00 +0000</pubDate>
      
      <guid>/resources/ps10solns/data.json</guid>
      <description>This file contains solutions for problems on mod-2 lattices and trellis codes, invariance of nominal coding gain, invariance of normalized second moment.</description>
    </item>
    
    <item>
      <title>ps1solns.pdf</title>
      <link>/resources/ps1solns/data.json</link>
      <pubDate>Mon, 01 Jan 0001 00:00:00 +0000</pubDate>
      
      <guid>/resources/ps1solns/data.json</guid>
      <description>This file contains solutions for problems on compound interest and dB, biorthogonal codes, 16-QAM signal sets, and shaping gain of spherical signal sets.</description>
    </item>
    
    <item>
      <title>ps2.pdf</title>
      <link>/resources/ps2/data.json</link>
      <pubDate>Mon, 01 Jan 0001 00:00:00 +0000</pubDate>
      
      <guid>/resources/ps2/data.json</guid>
      <description>This file contains 5 problems on cartesian-product constellations, invariance to translation, orthogonal transformations, or scaling, optimality of zero-mean constellations, non-equiprobable signals, and UBE for M -PAM constellations.</description>
    </item>
    
    <item>
      <title>ps2solns.pdf</title>
      <link>/resources/ps2solns/data.json</link>
      <pubDate>Mon, 01 Jan 0001 00:00:00 +0000</pubDate>
      
      <guid>/resources/ps2solns/data.json</guid>
      <description>This file contains solutions for problems on cartesian-product constellations, invariance to translation, orthogonal transformations, or scaling, optimality of zero-mean constellations, non-equiprobable signals, and UBE for M -PAM constellations.</description>
    </item>
    
    <item>
      <title>ps3.pdf</title>
      <link>/resources/ps3/data.json</link>
      <pubDate>Mon, 01 Jan 0001 00:00:00 +0000</pubDate>
      
      <guid>/resources/ps3/data.json</guid>
      <description>This file contains 6 problems on invariance of coding gain, orthogonal signal sets, simplex signal sets, biorthogonal signal sets, small nonbinary constellations, even-weight codes have better coding gain.</description>
    </item>
    
    <item>
      <title>ps3solns.pdf</title>
      <link>/resources/ps3solns/data.json</link>
      <pubDate>Mon, 01 Jan 0001 00:00:00 +0000</pubDate>
      
      <guid>/resources/ps3solns/data.json</guid>
      <description>This file contains solution for problems on invariance of coding gain, orthogonal signal sets, simplex signal sets, biorthogonal signal sets, small nonbinary constellations, even-weight codes have better coding gain.</description>
    </item>
    
    <item>
      <title>ps4.pdf</title>
      <link>/resources/ps4/data.json</link>
      <pubDate>Mon, 01 Jan 0001 00:00:00 +0000</pubDate>
      
      <guid>/resources/ps4/data.json</guid>
      <description>This file contains 8 problems on RM code parameters, optimizing SPC and EH codes, biorthogonal codes, generator matrices for RM codes, Wagner decoding, small cyclic groups, and subgroups of cyclic groups are cyclic.</description>
    </item>
    
    <item>
      <title>ps4solns.pdf</title>
      <link>/resources/ps4solns/data.json</link>
      <pubDate>Mon, 01 Jan 0001 00:00:00 +0000</pubDate>
      
      <guid>/resources/ps4solns/data.json</guid>
      <description></description>
    </item>
    
    <item>
      <title>ps5.pdf</title>
      <link>/resources/ps5/data.json</link>
      <pubDate>Mon, 01 Jan 0001 00:00:00 +0000</pubDate>
      
      <guid>/resources/ps5/data.json</guid>
      <description>This file contains 8 problems on Euclidean division algorithm, unique factorization of the integers, finding irreducible polynomials, the nonzero elements of Fg(x) form an abelian group under multiplication, construction of F32, second nonzero weight of an MDS code, Nd and Nd+1 for certain MDS codes, and doubly extended RS codes.</description>
    </item>
    
    <item>
      <title>ps5solns.pdf</title>
      <link>/resources/ps5solns/data.json</link>
      <pubDate>Mon, 01 Jan 0001 00:00:00 +0000</pubDate>
      
      <guid>/resources/ps5solns/data.json</guid>
      <description>This file contains solutions for problems on Euclidean division algorithm, unique factorization of the integers, finding irreducible polynomials, the nonzero elements of Fg(x) form an abelian group under multiplication, construction of F32, second nonzero weight of an MDS code, Nd and Nd+1 for certain MDS codes, and doubly extended RS codes.</description>
    </item>
    
    <item>
      <title>ps6.pdf</title>
      <link>/resources/ps6/data.json</link>
      <pubDate>Mon, 01 Jan 0001 00:00:00 +0000</pubDate>
      
      <guid>/resources/ps6/data.json</guid>
      <description>This file contains 6 problems on rational realizations, rational which is eventually periodic, input/output properties, SPC codes have a 2-state trellis diagram, Hamming code, and Viterbi algorithm decoding of SPC codes.</description>
    </item>
    
    <item>
      <title>ps6solns.pdf</title>
      <link>/resources/ps6solns/data.json</link>
      <pubDate>Mon, 01 Jan 0001 00:00:00 +0000</pubDate>
      
      <guid>/resources/ps6solns/data.json</guid>
      <description>This file contains solutions for problems on rational realizations, rational which is eventually periodic, input/output properties, SPC codes have a 2-state trellis diagram, Hamming code, and Viterbi algorithm decoding of SPC codes.</description>
    </item>
    
    <item>
      <title>ps7.pdf</title>
      <link>/resources/ps7/data.json</link>
      <pubDate>Mon, 01 Jan 0001 00:00:00 +0000</pubDate>
      
      <guid>/resources/ps7/data.json</guid>
      <description>This file contains 6 problems on state space sizes in trellises for RM codes, projection/subcode duality and state space duality, Trellis-oriented generator matrix for (16, 5, 8) RM code, minimum-span generators for convolutional codes, Trellis complexity of MDS codes, and the Wolf bound, Muder bounds on state and branch complexity profiles of (24,12,8) code.</description>
    </item>
    
    <item>
      <title>ps7solns_2.pdf</title>
      <link>/resources/ps7solns_2/data.json</link>
      <pubDate>Mon, 01 Jan 0001 00:00:00 +0000</pubDate>
      
      <guid>/resources/ps7solns_2/data.json</guid>
      <description></description>
    </item>
    
    <item>
      <title>ps7solns.pdf</title>
      <link>/resources/ps7solns/data.json</link>
      <pubDate>Mon, 01 Jan 0001 00:00:00 +0000</pubDate>
      
      <guid>/resources/ps7solns/data.json</guid>
      <description>This file contains solutions for problems on state space sizes in trellises for RM codes, projection/subcode duality and state space duality, Trellis-oriented generator matrix for (16, 5, 8) RM code, minimum-span generators for convolutional codes, Trellis complexity of MDS codes, and the Wolf bound, Muder bounds on state and branch complexity profiles of (24,12,8) code.</description>
    </item>
    
    <item>
      <title>ps8.pdf</title>
      <link>/resources/ps8/data.json</link>
      <pubDate>Mon, 01 Jan 0001 00:00:00 +0000</pubDate>
      
      <guid>/resources/ps8/data.json</guid>
      <description>This file contains 3 problems on realizations of repetition and SPC codes, dual realizations of RM codes, and BCJR (sum-product) decoding of SPC codes.</description>
    </item>
    
    <item>
      <title>ps8solns.pdf</title>
      <link>/resources/ps8solns/data.json</link>
      <pubDate>Mon, 01 Jan 0001 00:00:00 +0000</pubDate>
      
      <guid>/resources/ps8solns/data.json</guid>
      <description>This file contains solutions for problems on realizations of repetition and SPC codes, dual realizations of RM codes, and BCJR (sum-product) decoding of SPC codes.</description>
    </item>
    
    <item>
      <title>ps9.pdf</title>
      <link>/resources/ps9/data.json</link>
      <pubDate>Mon, 01 Jan 0001 00:00:00 +0000</pubDate>
      
      <guid>/resources/ps9/data.json</guid>
      <description>This file contains 5 problems on BCJR (sum-product) decoding of SPC codes, iterative decoding on the BEC, simulation of LDPC decoding on a BEC, iterative decoding threshold, stability condition, and sum-product update rule for zero-sum nodes.</description>
    </item>
    
    <item>
      <title>ps9solns.pdf</title>
      <link>/resources/ps9solns/data.json</link>
      <pubDate>Mon, 01 Jan 0001 00:00:00 +0000</pubDate>
      
      <guid>/resources/ps9solns/data.json</guid>
      <description>This file contains solutions for problems on BCJR (sum-product) decoding of SPC codes, iterative decoding on the BEC, simulation of LDPC decoding on a BEC, iterative decoding threshold, stability condition, and sum-product update rule for zero-sum nodes.</description>
    </item>
    
  </channel>
</rss>
