<?xml version="1.0" encoding="utf-8" standalone="yes"?>
<rss version="2.0" xmlns:atom="http://www.w3.org/2005/Atom">
  <channel>
    <title>Exams on MIT OpenCourseWare</title>
    <link>/resources/exams/</link>
    <description>Recent content in Exams on MIT OpenCourseWare</description>
    <generator>Hugo -- gohugo.io</generator>
    <language>en-us</language><atom:link href="/resources/exams/index.xml" rel="self" type="application/rss+xml" />
    <item>
      <title>Exams</title>
      <link>/pages/exams/data.json</link>
      <pubDate>Mon, 01 Jan 0001 00:00:00 +0000</pubDate>
      
      <guid>/pages/exams/data.json</guid>
      <description>This section contains the current semester&amp;rsquo;s Midterm exam, as well as the Midterm and Final from past versions of the course.
EXAMS SOLUTIONS Midterm Exam 2002 (PDF) (PDF) Final Exam 2002 (PDF) (PDF) Midterm Exam 2003 (PDF) (PDF) Final Exam 2003 (PDF) (PDF) Midterm Exam 2005 (PDF) (PDF) Final Exam 2005 (PDF) (PDF) </description>
    </item>
    
    <item>
      <title>final02.pdf</title>
      <link>/resources/final02/data.json</link>
      <pubDate>Mon, 01 Jan 0001 00:00:00 +0000</pubDate>
      
      <guid>/resources/final02/data.json</guid>
      <description>This resource gives some tables containing useful data to solve the given problems and three problems on convolution code over the quaternary field, graphical representations and decoding of the (32; 16; 8) binary Reed-Muller code RM(2; 5) and various propositions. It also provides instructions for how to take the closed book exam.</description>
    </item>
    
    <item>
      <title>final02solns2.pdf</title>
      <link>/resources/final02solns2/data.json</link>
      <pubDate>Mon, 01 Jan 0001 00:00:00 +0000</pubDate>
      
      <guid>/resources/final02solns2/data.json</guid>
      <description>This resource gives solutions for the three problems for the final exam 2002.</description>
    </item>
    
    <item>
      <title>final03.pdf</title>
      <link>/resources/final03/data.json</link>
      <pubDate>Mon, 01 Jan 0001 00:00:00 +0000</pubDate>
      
      <guid>/resources/final03/data.json</guid>
      <description>This resource gives the instructions on how to take the closed book exam, it also gives the breakup of marks for each problem and its parts. It cotains three problems on: coded modulation schemes based on a one-to-one mapping, the (16, 7, 6) binary linear block code C generated by the generator matrix and various propositions and proof for it.</description>
    </item>
    
    <item>
      <title>final03solns.pdf</title>
      <link>/resources/final03solns/data.json</link>
      <pubDate>Mon, 01 Jan 0001 00:00:00 +0000</pubDate>
      
      <guid>/resources/final03solns/data.json</guid>
      <description>This resource contains solutions for the three problems given for final exam 2003.</description>
    </item>
    
    <item>
      <title>final05.pdf</title>
      <link>/resources/final05/data.json</link>
      <pubDate>Mon, 01 Jan 0001 00:00:00 +0000</pubDate>
      
      <guid>/resources/final05/data.json</guid>
      <description></description>
    </item>
    
    <item>
      <title>final05solns.pdf</title>
      <link>/resources/final05solns/data.json</link>
      <pubDate>Mon, 01 Jan 0001 00:00:00 +0000</pubDate>
      
      <guid>/resources/final05solns/data.json</guid>
      <description></description>
    </item>
    
    <item>
      <title>midterm005.pdf</title>
      <link>/resources/midterm005-1/data.json</link>
      <pubDate>Mon, 01 Jan 0001 00:00:00 +0000</pubDate>
      
      <guid>/resources/midterm005-1/data.json</guid>
      <description>This resource gives the instructions on how to take the closed book exam, it also gives the breakup of marks for each problem and its parts. It cotains two problems on: study of a class of codes called product codes, and various propositions and state if they are true or false, with data tables useful to solve the problems.</description>
    </item>
    
    <item>
      <title>midterm02.pdf</title>
      <link>/resources/midterm02/data.json</link>
      <pubDate>Mon, 01 Jan 0001 00:00:00 +0000</pubDate>
      
      <guid>/resources/midterm02/data.json</guid>
      <description>This resource gives the instructions on how to take the closed book exam, it also gives the breakup of marks for each problem and its parts. It cotains two problems on: M -simplex signal set is a set of M signals and various propositions and statement for if they are true or false.</description>
    </item>
    
    <item>
      <title>midterm03.pdf</title>
      <link>/resources/midterm03/data.json</link>
      <pubDate>Mon, 01 Jan 0001 00:00:00 +0000</pubDate>
      
      <guid>/resources/midterm03/data.json</guid>
      <description>This resource gives the instructions on how to take the closed book exam, it also gives the breakup of marks for each problem and its parts. It cotains two problems on: feasibility study for a digital communication system and propositions with data tables useful to solve the problems.</description>
    </item>
    
    <item>
      <title>midterm03solns.pdf</title>
      <link>/resources/midterm03solns/data.json</link>
      <pubDate>Mon, 01 Jan 0001 00:00:00 +0000</pubDate>
      
      <guid>/resources/midterm03solns/data.json</guid>
      <description>This resource gives solutions for the two problems for the midterm exam 2003 and the scores for the problems.</description>
    </item>
    
    <item>
      <title>midterm05solns.pdf</title>
      <link>/resources/midterm05solns/data.json</link>
      <pubDate>Mon, 01 Jan 0001 00:00:00 +0000</pubDate>
      
      <guid>/resources/midterm05solns/data.json</guid>
      <description>This resource gives solutions for the two problems for the midterm exam 2005 and the scores for the problems.</description>
    </item>
    
    <item>
      <title>midtermsol02.pdf</title>
      <link>/resources/midtermsol02/data.json</link>
      <pubDate>Mon, 01 Jan 0001 00:00:00 +0000</pubDate>
      
      <guid>/resources/midtermsol02/data.json</guid>
      <description>This resource gives solutions for the two problems for the midterm exam 2002 and the scores for the problems.</description>
    </item>
    
  </channel>
</rss>
