{
  "title":"Lecture 2: Performance of Small Signal Constellations",
  "description": "",
  "file": null,
  "learning_resource_types": ["Lecture Videos"],
  "resource_type": "Video",
  "file_type": null,
  "youtube_key":  "MVpmgHSBSc0",
  "captions_file": "/courses/6-451-principles-of-digital-communication-ii-spring-2005/ae8aa28e7b9a5b86a2685ab1dce6e19b_MVpmgHSBSc0.vtt",
  "transcript_file": "/courses/6-451-principles-of-digital-communication-ii-spring-2005/b629646e1b33265d098dcfd08307af38_MVpmgHSBSc0.pdf",
  "thumbnail_file": "https://img.youtube.com/vi/MVpmgHSBSc0/default.jpg",
  "archive_url": "https://archive.org/download/MIT6.451S05/2ocw-6.451_4-261-07feb2005-220k.mp4"}
