{
  "title":"ps3solns.pdf",
  "description": "This file contains solution for problems on invariance of coding gain, orthogonal signal sets, simplex signal sets, biorthogonal signal sets, small nonbinary constellations, even-weight codes have better coding gain.",
  "file": "/courses/6-451-principles-of-digital-communication-ii-spring-2005/ecc464e775c2b58fc826ec48069692b8_ps3solns.pdf",
  "learning_resource_types": ["Assignments"],
  "resource_type": "Document",
  "file_type": "application/pdf"}
