{
  "title":"Lecture 24: Linear Gaussian Channels",
  "description": "",
  "file": null,
  "learning_resource_types": ["Lecture Videos"],
  "resource_type": "Video",
  "file_type": null,
  "youtube_key":  "CxgU2Gtg5ro",
  "captions_file": "/courses/6-451-principles-of-digital-communication-ii-spring-2005/d31628bf123658c9903a7652a3c4e1e5_CxgU2Gtg5ro.vtt",
  "transcript_file": "/courses/6-451-principles-of-digital-communication-ii-spring-2005/426c3acf789058f3ca67b31cecb802b5_CxgU2Gtg5ro.pdf",
  "thumbnail_file": "https://img.youtube.com/vi/CxgU2Gtg5ro/default.jpg",
  "archive_url": "https://archive.org/download/MIT6.451S05/24ocw-6.451_4-261-09may2005-220k.mp4"}
