{
  "title":"Lecture 17: Codes on Graphs",
  "description": "",
  "file": null,
  "learning_resource_types": ["Lecture Videos"],
  "resource_type": "Video",
  "file_type": null,
  "youtube_key":  "DyRLOmVRQDw",
  "captions_file": "/courses/6-451-principles-of-digital-communication-ii-spring-2005/2ef72bc99981568da97cf6c104ce3bd4_DyRLOmVRQDw.vtt",
  "transcript_file": "/courses/6-451-principles-of-digital-communication-ii-spring-2005/246e78033b721bb45bce2738097a9979_DyRLOmVRQDw.pdf",
  "thumbnail_file": "https://img.youtube.com/vi/DyRLOmVRQDw/default.jpg",
  "archive_url": "https://archive.org/download/MIT6.451S05/17ocw-6.451_4-261-11apr2005-220k.mp4"}
