{
  "title":"Lecture 8: Measure",
  "description": "",
  "file": null,
  "learning_resource_types": ["Lecture Videos"],
  "resource_type": "Video",
  "file_type": null,
  "youtube_key":  "vulw9qGXbH0",
  "captions_file": "/courses/6-450-principles-of-digital-communications-i-fall-2006/578ae4d9474354c487de695374135479_vulw9qGXbH0.vtt",
  "transcript_file": "/courses/6-450-principles-of-digital-communications-i-fall-2006/8c36e80d28ab2e46155ed299500f0f2e_vulw9qGXbH0.pdf",
  "thumbnail_file": "https://img.youtube.com/vi/vulw9qGXbH0/default.jpg",
  "archive_url": "http://archive.org/download/MIT6.450F06_V2/ocw-6.450-f06-2003-10-01_300k.mp4"}
