{
  "title":"ps7solns.pdf",
  "description": "This file contains solutions for problems on state space sizes in trellises for RM codes, projection/subcode duality and state space duality, Trellis-oriented generator matrix for (16, 5, 8) RM code, minimum-span generators for convolutional codes, Trellis complexity of MDS codes, and the Wolf bound, Muder bounds on state and branch complexity profiles of (24,12,8) code.",
  "file": "/courses/6-451-principles-of-digital-communication-ii-spring-2005/d31139cdb3b4abd6dca50ee450884ae3_ps7solns.pdf",
  "learning_resource_types": ["Assignments"],
  "resource_type": "Document",
  "file_type": "application/pdf"}
