{
  "title":"Lecture 9: Introduction to Finite Fields",
  "description": "",
  "file": null,
  "learning_resource_types": ["Lecture Videos"],
  "resource_type": "Video",
  "file_type": null,
  "youtube_key":  "47yJ7g6DzkA",
  "captions_file": "/courses/6-451-principles-of-digital-communication-ii-spring-2005/de811242449e5072b7552830550225ea_47yJ7g6DzkA.vtt",
  "transcript_file": "/courses/6-451-principles-of-digital-communication-ii-spring-2005/9013f9042abf6a4b6963b5757c7ad9ca_47yJ7g6DzkA.pdf",
  "thumbnail_file": "https://img.youtube.com/vi/47yJ7g6DzkA/default.jpg",
  "archive_url": "https://archive.org/download/MIT6.451S05/9ocw-6.451_4-261-02mar2005-220k.mp4"}
